Age,Attrition,BusinessTravel,DailyRate,Department,DistanceFromHome,Education,EducationField,EnvironmentSatisfaction,Gender,HourlyRate,JobInvolvement,JobLevel,JobRole,JobSatisfaction,MaritalStatus,MonthlyIncome,MonthlyRate,NumCompaniesWorked,OverTime,PercentSalaryHike,PerformanceRating,RelationshipSatisfaction,StockOptionLevel,TotalWorkingYears,TrainingTimesLastYear,WorkLifeBalance,YearsAtCompany,YearsInCurrentRole,YearsSinceLastPromotion,YearsWithCurrManager
58,0,Travel_Rarely,610,Sales,11,4,Medical,3,Female,71,3,4,Manager,1,Married,15458,20431,8,Yes,22,4,4,0,19,6,3,1,1,1,1
22,0,Travel_Frequently,802,Sales,26,3,Marketing,1,Male,47,3,4,Manager,3,Single,15071,8873,5,No,22,4,1,0,8,5,3,4,1,3,1
33,0,Travel_Frequently,1186,Sales,13,2,Other,4,Male,40,3,5,Manager,2,Married,17971,24002,0,No,11,3,3,0,10,3,2,9,6,8,7
24,1,Travel_Rarely,497,Sales,23,3,Marketing,2,Female,56,3,1,Sales Representative,3,Divorced,5466,22872,4,Yes,25,4,4,1,2,2,3,1,1,0,0
32,0,Travel_Rarely,1471,Research & Development,15,4,Other,2,Male,91,1,2,Research Scientist,2,Married,8230,25776,3,No,11,3,1,2,4,2,4,1,1,1,1
32,1,Travel_Rarely,1204,Sales,12,2,Life Sciences,1,Male,88,2,4,Manager,3,Married,15851,6737,0,Yes,22,4,3,0,14,1,1,14,6,1,2
52,0,Travel_Rarely,502,Research & Development,23,4,Medical,2,Male,96,3,4,Manager,2,Married,15254,10338,2,No,14,3,3,1,8,3,3,1,1,0,1
52,0,Travel_Rarely,307,Research & Development,10,2,Other,3,Male,32,3,1,Laboratory Technician,3,Married,5815,6499,8,No,18,3,3,0,5,2,2,5,4,2,0
30,1,Travel_Rarely,1258,Sales,29,2,Other,2,Female,96,3,1,Sales Representative,3,Single,5391,22880,3,No,11,3,4,0,5,3,2,1,1,0,1
41,0,Travel_Frequently,379,Research & Development,2,3,Medical,3,Female,75,3,4,Manager,4,Married,14336,14468,2,No,25,4,2,1,8,6,3,8,0,4,5
40,0,Travel_Rarely,858,Research & Development,3,3,Other,1,Male,55,3,2,Research Scientist,4,Married,8376,7986,5,No,12,3,1,0,4,4,3,4,0,0,2
26,0,Travel_Rarely,1177,Research & Development,23,1,Other,3,Female,89,3,5,Research Director,3,Married,18282,17328,3,No,18,3,2,0,10,3,2,10,9,5,0
24,0,Travel_Rarely,1181,Research & Development,16,5,Life Sciences,3,Male,30,2,4,Manager,4,Married,14940,15407,8,Yes,24,4,2,1,8,1,3,2,0,1,2
20,1,Travel_Rarely,456,Human Resources,16,2,Other,1,Male,52,2,2,Human Resources,1,Married,8153,7881,6,Yes,20,4,1,0,4,5,2,4,1,1,4
50,0,Travel_Rarely,1166,Research & Development,16,3,Medical,1,Male,73,3,2,Manufacturing Director,4,Married,8067,22764,2,No,23,4,3,1,4,2,3,1,0,0,0
54,0,Travel_Rarely,1077,Research & Development,7,2,Other,3,Male,53,3,1,Laboratory Technician,4,Married,5347,25190,2,Yes,24,4,4,3,3,3,3,1,0,1,1
32,0,Travel_Rarely,1047,Sales,13,4,Marketing,2,Male,82,1,5,Manager,4,Married,17924,3167,4,No,19,3,1,0,14,2,2,4,2,1,4
58,0,Travel_Rarely,1488,Human Resources,9,4,Human Resources,3,Female,94,2,5,Manager,1,Married,18895,19749,5,No,14,3,4,3,19,2,1,2,0,0,0
23,1,Travel_Rarely,923,Research & Development,19,2,Technical Degree,3,Male,62,1,2,Healthcare Representative,3,Married,8268,7029,8,Yes,15,3,1,0,4,6,2,3,0,2,0
51,0,Non-Travel,1245,Research & Development,20,1,Other,1,Male,65,2,4,Research Director,2,Divorced,14907,5719,7,No,20,4,4,1,14,2,3,9,9,7,5
56,0,Travel_Rarely,1362,Human Resources,28,2,Medical,1,Female,78,1,5,Manager,4,Married,18623,25833,5,No,25,4,3,1,19,2,3,18,12,4,0
32,0,Non-Travel,587,Research & Development,5,5,Technical Degree,4,Male,61,3,1,Research Scientist,4,Single,5680,5419,3,No,25,4,4,0,3,2,3,1,1,0,0
53,1,Travel_Frequently,534,Research & Development,27,3,Technical Degree,1,Male,92,1,2,Manufacturing Director,4,Divorced,9258,12209,1,Yes,14,3,3,0,9,3,3,2,1,1,1
34,0,Travel_Rarely,459,Research & Development,17,2,Technical Degree,3,Female,33,4,1,Laboratory Technician,3,Divorced,5799,11911,5,No,19,3,2,1,4,5,3,3,0,2,2
48,0,Travel_Rarely,206,Human Resources,22,1,Life Sciences,1,Male,92,3,2,Human Resources,2,Divorced,8249,22527,5,No,23,4,2,0,4,0,3,2,0,2,0
27,0,Travel_Rarely,813,Sales,23,3,Other,4,Male,68,1,3,Sales Executive,1,Married,11227,20360,8,No,11,3,1,1,7,2,3,2,1,2,2
44,0,Travel_Rarely,761,Sales,22,3,Other,4,Male,50,3,2,Sales Executive,1,Married,8288,20117,5,No,16,3,2,1,5,2,3,3,3,2,0
30,0,Non-Travel,1149,Research & Development,5,5,Technical Degree,1,Male,80,3,4,Manager,4,Divorced,15091,24700,1,Yes,22,4,4,1,12,2,3,6,2,5,0
23,0,Travel_Rarely,1010,Research & Development,5,3,Other,4,Male,53,2,1,Research Scientist,3,Single,5576,5490,4,Yes,24,4,2,0,3,2,3,2,0,1,0
33,1,Travel_Frequently,501,Sales,28,4,Marketing,1,Male,69,3,5,Manager,2,Married,18088,11510,8,No,18,3,1,2,15,2,2,14,9,13,3
57,0,Travel_Rarely,1220,Research & Development,8,3,Life Sciences,1,Male,56,4,2,Research Scientist,3,Married,8740,19334,3,Yes,11,3,2,3,8,0,2,1,1,1,0
29,0,Travel_Rarely,971,Research & Development,20,3,Life Sciences,4,Male,67,2,2,Laboratory Technician,2,Married,8353,13397,4,No,18,3,4,1,6,2,3,4,3,1,2
31,0,Travel_Frequently,913,Sales,4,4,Life Sciences,4,Female,50,1,1,Sales Representative,3,Single,5478,5417,7,No,24,4,4,2,2,2,3,2,2,0,1
20,0,Non-Travel,1303,Sales,20,4,Medical,3,Male,99,2,4,Manager,3,Married,14324,21956,2,No,18,3,4,0,8,2,4,2,2,0,2
41,0,Travel_Rarely,689,Research & Development,22,1,Life Sciences,4,Male,76,3,1,Laboratory Technician,3,Divorced,5668,8645,7,No,22,4,1,1,4,3,3,2,1,0,0
23,0,Travel_Rarely,678,Research & Development,28,4,Technical Degree,4,Female,80,3,4,Research Director,4,Married,14528,26160,5,No,22,4,3,0,8,2,3,3,2,0,3
51,1,Travel_Frequently,1122,Human Resources,14,2,Other,4,Female,31,1,4,Manager,1,Divorced,15345,6566,4,Yes,17,3,2,0,11,2,1,2,1,0,2
57,1,Travel_Frequently,765,Sales,17,4,Life Sciences,3,Female,87,4,2,Sales Executive,4,Single,8003,13372,5,No,12,3,3,1,5,2,1,5,0,0,5
37,1,Travel_Rarely,801,Research & Development,12,2,Other,1,Male,75,2,2,Laboratory Technician,4,Single,8375,22609,0,No,22,4,4,0,4,6,3,1,0,1,0
55,0,Travel_Frequently,581,Sales,8,3,Marketing,3,Female,55,3,2,Sales Executive,4,Married,8564,9617,0,No,15,3,4,1,7,2,2,3,2,3,2
20,0,Travel_Frequently,760,Research & Development,12,5,Other,1,Male,99,2,3,Manufacturing Director,2,Single,12090,7319,7,No,19,3,4,1,6,5,4,1,0,1,1
45,1,Travel_Frequently,1275,Research & Development,22,4,Technical Degree,1,Male,89,3,2,Laboratory Technician,2,Married,8158,26364,6,No,12,3,4,0,5,5,4,4,2,1,2
45,0,Travel_Rarely,417,Sales,1,4,Medical,3,Female,86,2,5,Manager,1,Married,19176,2271,3,No,18,3,4,0,22,2,1,18,2,6,13
49,1,Travel_Rarely,906,Research & Development,18,2,Life Sciences,2,Female,85,1,2,Healthcare Representative,1,Single,8909,25870,4,Yes,24,4,4,0,7,3,3,4,2,1,4
53,0,Travel_Rarely,518,Research & Development,13,2,Other,1,Male,79,3,3,Healthcare Representative,1,Divorced,12172,25696,3,No,18,3,4,3,11,5,3,7,0,0,2
32,0,Travel_Rarely,553,Research & Development,27,2,Life Sciences,4,Female,66,4,1,Research Scientist,4,Divorced,5813,11903,4,No,23,4,4,0,4,5,3,2,2,1,2
59,0,Travel_Rarely,521,Sales,13,2,Marketing,4,Female,89,3,1,Sales Representative,3,Married,4890,24534,4,No,15,3,4,1,2,5,3,1,0,0,0
50,0,Travel_Rarely,1356,Sales,14,4,Other,2,Male,92,2,1,Sales Representative,1,Married,5585,3435,2,No,22,4,2,1,5,2,3,2,0,2,1
41,0,Non-Travel,978,Sales,1,1,Other,1,Male,61,4,1,Sales Representative,4,Married,4932,13801,6,No,12,3,3,0,4,2,3,3,3,0,3
36,0,Travel_Rarely,1380,Research & Development,15,3,Technical Degree,3,Male,87,2,2,Research Scientist,4,Divorced,8806,14155,8,No,16,3,1,1,8,2,3,3,3,1,2
44,1,Travel_Rarely,1396,Sales,29,4,Medical,4,Male,38,3,1,Sales Representative,4,Married,5154,7797,8,Yes,19,3,3,0,2,2,2,2,1,2,1
21,0,Non-Travel,772,Sales,14,5,Other,4,Male,69,3,5,Manager,4,Single,18159,24431,5,No,12,3,4,1,10,2,4,8,8,0,8
52,0,Travel_Rarely,652,Sales,26,3,Marketing,4,Female,37,2,1,Sales Representative,1,Married,5315,5911,8,No,12,3,1,0,4,3,3,3,1,0,1
26,1,Non-Travel,1013,Sales,14,1,Life Sciences,1,Female,51,2,1,Sales Representative,1,Married,5206,6644,4,Yes,18,3,4,1,4,6,2,2,0,0,2
29,0,Travel_Frequently,677,Research & Development,21,4,Life Sciences,4,Male,63,3,4,Research Director,2,Single,15039,13171,4,Yes,16,3,2,0,8,3,4,3,3,0,3
31,1,Travel_Rarely,937,Research & Development,23,3,Other,2,Female,46,3,1,Laboratory Technician,3,Single,5442,26603,8,No,12,3,1,1,2,4,3,1,1,1,0
20,0,Non-Travel,264,Sales,10,3,Medical,3,Male,78,2,2,Sales Executive,3,Single,8103,5568,4,Yes,18,3,3,0,4,4,4,4,3,0,2
34,1,Travel_Rarely,1308,Research & Development,26,1,Life Sciences,1,Male,68,3,2,Manufacturing Director,4,Divorced,8796,23726,1,Yes,18,3,2,0,5,3,3,4,4,1,2
57,0,Travel_Rarely,843,Research & Development,21,1,Life Sciences,3,Male,75,3,5,Manager,4,Divorced,18702,5072,0,Yes,13,3,1,1,19,5,3,11,9,1,1
24,1,Travel_Rarely,1454,Research & Development,25,4,Other,4,Male,30,3,4,Manager,4,Married,14664,3367,8,No,24,4,4,0,8,3,3,3,1,1,1
34,0,Travel_Rarely,403,Research & Development,17,3,Technical Degree,1,Male,66,3,1,Laboratory Technician,1,Married,5693,13563,8,No,14,3,3,0,2,3,3,2,1,1,0
25,0,Non-Travel,769,Sales,28,4,Medical,3,Male,47,3,4,Manager,1,Single,14719,14289,7,No,11,3,3,0,8,6,2,8,4,3,2
49,0,Travel_Rarely,620,Research & Development,29,2,Medical,4,Female,44,3,2,Healthcare Representative,4,Single,8125,18393,5,No,18,3,3,1,6,2,1,5,5,5,4
27,1,Travel_Rarely,518,Sales,7,3,Life Sciences,1,Male,61,3,3,Sales Executive,3,Single,11854,11160,5,No,24,4,3,0,7,3,2,1,0,0,0
44,1,Travel_Rarely,1193,Human Resources,17,1,Medical,2,Female,70,3,2,Human Resources,3,Married,9090,19091,8,No,23,4,2,0,7,3,4,5,0,3,2
24,0,Travel_Rarely,545,Research & Development,3,2,Other,1,Female,59,3,4,Research Director,2,Married,14917,2632,8,No,17,3,4,0,8,3,3,4,1,3,4
31,1,Travel_Frequently,580,Human Resources,20,4,Other,3,Male,52,3,2,Human Resources,3,Single,8553,24641,3,Yes,23,4,3,1,4,2,1,1,1,1,1
46,1,Travel_Frequently,1047,Research & Development,6,4,Technical Degree,3,Female,43,4,1,Research Scientist,4,Single,4806,10264,5,No,25,4,2,0,3,2,4,1,0,1,1
21,0,Travel_Rarely,1296,Research & Development,1,4,Other,3,Male,89,3,4,Manager,4,Divorced,14378,25563,1,No,22,4,1,1,8,2,3,5,4,1,4
37,0,Travel_Rarely,982,Research & Development,19,3,Other,1,Male,36,2,4,Manager,3,Married,15393,26975,8,Yes,22,4,4,1,14,3,3,3,0,2,0
59,0,Travel_Rarely,760,Sales,5,4,Other,3,Male,39,2,5,Manager,2,Married,18590,26022,4,No,20,4,3,0,15,2,3,5,5,1,5
32,0,Travel_Frequently,120,Research & Development,3,2,Life Sciences,3,Female,71,3,2,Laboratory Technician,2,Divorced,8753,12636,3,No,11,3,1,2,7,6,2,2,2,0,0
28,1,Travel_Frequently,944,Sales,8,3,Other,3,Male,72,3,1,Sales Representative,4,Single,5007,5456,0,Yes,23,4,3,1,5,4,3,5,2,4,3
36,1,Travel_Rarely,1062,Human Resources,7,4,Other,2,Male,78,3,1,Human Resources,3,Single,5845,20211,8,No,24,4,4,0,4,2,1,4,3,0,0
44,0,Travel_Rarely,1295,Research & Development,22,3,Technical Degree,4,Female,61,3,4,Manager,3,Divorced,14813,2685,8,No,11,3,1,0,9,3,1,7,0,0,7
51,0,Travel_Rarely,187,Research & Development,8,4,Other,3,Female,73,2,1,Research Scientist,1,Single,5282,12517,4,No,21,4,2,1,5,3,3,5,4,1,1
22,0,Travel_Rarely,1022,Research & Development,15,2,Technical Degree,3,Female,95,3,2,Manufacturing Director,4,Divorced,8130,4159,4,No,23,4,4,1,4,3,2,2,2,0,1
45,0,Travel_Rarely,504,Sales,19,4,Life Sciences,3,Male,67,3,3,Sales Executive,1,Divorced,12470,7891,4,No,22,4,2,0,11,3,3,3,1,0,1
26,0,Travel_Rarely,1473,Research & Development,24,3,Technical Degree,4,Male,84,2,4,Manager,4,Married,15039,8256,2,No,17,3,3,1,8,2,1,4,1,4,3
47,0,Travel_Rarely,809,Sales,16,2,Marketing,3,Female,80,4,4,Manager,4,Married,15229,25284,0,No,13,3,4,1,11,2,4,10,1,2,10
24,1,Travel_Rarely,975,Sales,4,1,Other,4,Female,59,4,2,Sales Executive,4,Married,8507,11557,3,Yes,22,4,1,0,6,2,1,4,0,3,0
33,0,Non-Travel,995,Research & Development,24,1,Technical Degree,3,Male,43,3,4,Manager,2,Married,14891,7432,4,No,15,3,2,0,9,6,3,8,3,7,6
22,1,Travel_Frequently,628,Sales,29,2,Other,1,Male,99,2,2,Sales Executive,2,Single,8076,19901,8,No,16,3,4,1,4,4,3,1,1,1,1
24,0,Travel_Rarely,843,Sales,12,1,Life Sciences,3,Male,43,3,2,Sales Executive,3,Divorced,8475,18282,3,No,23,4,1,1,6,3,3,5,3,1,3
45,0,Travel_Rarely,337,Research & Development,3,1,Life Sciences,3,Male,71,3,1,Laboratory Technician,2,Married,5358,8971,7,No,14,3,4,1,3,3,4,1,1,0,0
35,0,Travel_Rarely,1285,Sales,8,4,Medical,3,Male,33,2,5,Manager,3,Divorced,18468,2923,4,Yes,16,3,3,1,17,6,1,11,6,0,6
46,0,Travel_Rarely,575,Sales,3,2,Marketing,4,Male,59,3,4,Manager,3,Divorced,15987,11177,1,No,15,3,4,1,19,2,2,12,8,4,7
52,0,Travel_Rarely,100,Research & Development,16,3,Medical,4,Male,92,3,3,Healthcare Representative,4,Married,11323,11794,5,No,14,3,2,2,7,4,1,2,2,2,2
34,0,Travel_Frequently,955,Research & Development,7,4,Life Sciences,1,Male,43,4,2,Manufacturing Director,3,Married,8423,6249,3,No,16,3,4,0,5,2,1,4,4,2,2
38,0,Travel_Frequently,1326,Human Resources,9,3,Life Sciences,4,Female,82,2,1,Human Resources,4,Divorced,5088,20146,0,No,19,3,1,1,5,2,3,1,1,0,1
23,0,Travel_Rarely,1447,Research & Development,23,3,Other,4,Female,64,2,2,Healthcare Representative,3,Married,8200,11168,0,No,12,3,2,1,5,4,3,5,3,4,2
42,1,Travel_Rarely,1285,Research & Development,29,2,Medical,4,Male,84,3,2,Healthcare Representative,4,Married,9183,11984,5,No,18,3,3,0,7,3,3,6,3,4,2
44,0,Travel_Rarely,964,Research & Development,25,3,Other,3,Female,68,2,4,Research Director,3,Divorced,15691,18724,7,No,15,3,2,0,13,3,2,1,1,0,1
28,1,Travel_Frequently,1087,Sales,7,3,Marketing,4,Female,98,4,2,Sales Executive,1,Married,8302,6615,0,No,19,3,2,1,7,3,3,5,4,4,3
42,0,Travel_Frequently,870,Research & Development,5,2,Medical,3,Male,99,3,3,Healthcare Representative,1,Married,12612,13777,1,No,23,4,1,0,14,1,3,10,1,2,10
59,0,Non-Travel,1311,Sales,5,2,Life Sciences,3,Male,61,2,2,Sales Executive,4,Married,8029,19858,4,No,13,3,3,2,5,4,3,4,2,4,0
42,0,Travel_Rarely,424,Research & Development,24,2,Technical Degree,3,Female,37,1,1,Laboratory Technician,4,Married,5375,2929,0,No,14,3,4,0,3,3,2,3,2,2,2
50,1,Travel_Rarely,1158,Sales,4,1,Life Sciences,2,Male,35,4,2,Sales Executive,3,Single,9168,2785,4,No,22,4,2,3,8,3,2,6,1,4,1
36,1,Travel_Rarely,1403,Research & Development,21,4,Other,3,Female,42,2,4,Manager,2,Married,16258,15283,2,Yes,13,3,1,0,18,3,1,12,10,6,3
37,1,Travel_Rarely,657,Research & Development,17,4,Other,4,Female,41,2,1,Research Scientist,3,Single,4819,15893,4,Yes,11,3,3,1,3,5,3,1,1,0,0
51,1,Travel_Rarely,436,Research & Development,11,4,Other,2,Male,48,3,2,Laboratory Technician,4,Single,9348,9742,7,No,16,3,3,2,10,2,3,4,4,2,0
50,1,Travel_Frequently,124,Sales,21,3,Other,4,Female,66,2,1,Sales Representative,2,Single,5191,24528,6,No,25,4,4,0,4,2,1,2,1,0,2
24,1,Travel_Rarely,474,Sales,2,1,Medical,3,Female,63,3,3,Sales Executive,1,Married,12035,26297,5,No,22,4,2,0,6,3,2,5,4,2,2
21,0,Travel_Frequently,1197,Sales,23,4,Medical,2,Male,39,3,5,Manager,2,Single,18043,26035,0,No,18,3,3,1,10,3,4,3,0,0,1
33,1,Travel_Rarely,1219,Research & Development,27,4,Other,2,Male,67,3,4,Manager,2,Single,15153,24736,0,Yes,17,3,1,1,15,3,3,1,0,0,0
25,0,Travel_Rarely,731,Research & Development,27,4,Other,3,Male,84,4,2,Research Scientist,4,Single,8828,8318,0,Yes,17,3,3,2,6,2,3,5,0,1,1
56,0,Travel_Rarely,840,Human Resources,19,3,Medical,4,Female,42,2,4,Manager,3,Married,14609,15411,6,Yes,25,4,2,1,9,3,3,3,3,0,3
57,0,Non-Travel,664,Research & Development,8,3,Life Sciences,4,Female,73,2,4,Manager,3,Married,14653,26366,8,No,15,3,2,1,11,3,3,5,3,2,2
57,0,Travel_Rarely,274,Research & Development,17,4,Life Sciences,2,Male,63,3,5,Manager,4,Married,18798,17493,5,No,17,3,1,0,16,0,3,12,0,7,11
52,0,Travel_Rarely,511,Sales,13,5,Other,4,Female,73,1,4,Manager,4,Married,15025,10707,8,No,20,4,4,2,13,6,3,11,3,7,2
51,0,Travel_Rarely,658,Sales,7,2,Medical,3,Male,60,3,5,Manager,3,Married,19337,16824,3,No,24,4,1,0,24,1,3,11,10,0,0
24,0,Travel_Rarely,719,Research & Development,29,4,Technical Degree,4,Male,62,3,1,Research Scientist,4,Married,5134,26272,7,No,21,4,4,0,4,3,3,2,2,1,1
47,0,Travel_Rarely,344,Sales,25,2,Other,3,Female,95,4,2,Sales Executive,1,Married,9010,19313,1,No,17,3,2,1,7,2,1,3,0,2,0
49,0,Travel_Rarely,712,Sales,22,4,Life Sciences,3,Female,56,3,5,Manager,4,Married,18689,13128,7,No,23,4,2,1,14,3,3,8,7,1,6
29,0,Travel_Rarely,423,Sales,7,3,Other,2,Female,94,3,1,Sales Representative,4,Divorced,4881,20545,3,No,11,3,4,1,3,2,3,1,1,0,1
42,0,Travel_Rarely,890,Research & Development,13,2,Life Sciences,3,Male,44,3,3,Manufacturing Director,3,Single,11831,17089,4,No,14,3,3,0,12,2,2,7,6,1,7
38,0,Travel_Rarely,976,Research & Development,1,3,Other,4,Female,98,3,5,Manager,2,Married,17978,6958,4,No,24,4,3,0,12,3,3,2,0,0,2
25,1,Travel_Rarely,305,Research & Development,19,1,Other,1,Male,86,2,2,Laboratory Technician,4,Single,8946,22975,8,Yes,21,4,3,0,5,6,3,2,1,1,0
35,0,Non-Travel,1314,Sales,10,1,Life Sciences,2,Male,80,3,2,Sales Executive,2,Married,9032,14067,4,No,11,3,3,0,7,5,3,7,0,2,4
59,0,Travel_Rarely,963,Research & Development,17,1,Medical,1,Female,97,2,2,Manufacturing Director,2,Married,7999,8033,2,No,11,3,3,1,4,0,2,4,4,0,0
59,1,Travel_Rarely,527,Sales,6,3,Life Sciences,4,Female,52,1,2,Sales Executive,3,Single,8851,21477,8,No,13,3,4,0,9,3,3,3,2,3,3
33,1,Non-Travel,118,Research & Development,28,2,Medical,1,Female,98,3,2,Manufacturing Director,1,Divorced,9079,26442,0,No,12,3,3,0,7,2,4,6,4,5,2
52,0,Travel_Rarely,524,Research & Development,24,5,Technical Degree,2,Female,78,4,5,Manager,4,Single,18073,22186,8,No,11,3,1,1,11,2,3,6,1,4,3
29,1,Travel_Rarely,1406,Research & Development,23,1,Other,1,Female,39,4,2,Manufacturing Director,2,Married,9218,14360,5,Yes,11,3,1,3,10,3,3,2,1,0,1
55,1,Travel_Rarely,1196,Research & Development,27,4,Life Sciences,4,Male,75,2,1,Laboratory Technician,3,Single,5596,14905,8,No,16,3,4,1,2,6,3,1,1,0,0
46,0,Travel_Rarely,836,Research & Development,29,3,Other,3,Female,98,4,3,Manufacturing Director,2,Divorced,12374,20730,3,Yes,12,3,3,0,13,1,3,7,0,4,6
22,0,Travel_Rarely,1492,Research & Development,19,3,Technical Degree,2,Male,89,3,2,Research Scientist,2,Married,8194,13035,5,No,11,3,3,1,4,5,2,2,1,0,0
40,1,Travel_Rarely,1033,Research & Development,11,4,Technical Degree,1,Female,30,3,1,Laboratory Technician,2,Divorced,5973,3637,0,No,16,3,3,1,5,2,1,5,2,5,3
29,0,Travel_Rarely,721,Sales,1,3,Medical,2,Female,78,3,1,Sales Representative,3,Divorced,5547,17721,6,No,20,4,2,3,5,5,3,1,0,0,1
40,0,Travel_Rarely,1168,Sales,23,4,Medical,4,Female,46,3,1,Sales Representative,3,Married,5618,13510,3,No,18,3,3,0,2,4,2,1,0,1,1
37,0,Travel_Rarely,236,Research & Development,26,3,Life Sciences,1,Male,76,2,4,Manager,3,Married,15308,21744,7,No,24,4,3,1,13,4,2,3,1,2,1
59,0,Travel_Frequently,920,Sales,16,4,Marketing,3,Male,94,3,2,Sales Executive,4,Married,8402,20160,6,No,24,4,3,1,8,3,4,5,1,0,2
22,1,Non-Travel,641,Research & Development,24,4,Technical Degree,3,Female,86,4,4,Research Director,2,Single,15241,11447,2,No,12,3,1,0,8,5,2,3,2,1,0
51,0,Travel_Frequently,743,Research & Development,17,1,Other,2,Male,89,3,4,Manager,3,Married,15073,24387,7,No,21,4,4,0,10,3,3,3,1,1,3
46,1,Travel_Rarely,670,Research & Development,24,3,Medical,1,Female,38,3,2,Laboratory Technician,3,Married,8540,4942,2,Yes,22,4,4,1,5,2,3,4,0,2,4
35,0,Travel_Rarely,1441,Sales,10,3,Marketing,3,Female,91,3,4,Manager,2,Divorced,15057,12744,2,No,25,4,3,1,9,3,2,1,1,1,1
20,0,Travel_Rarely,927,Research & Development,7,4,Life Sciences,4,Female,75,3,3,Healthcare Representative,4,Single,11690,2689,4,Yes,16,3,4,2,6,2,3,4,0,4,4
59,0,Travel_Rarely,1016,Sales,29,1,Other,1,Female,83,4,5,Manager,2,Single,19158,16282,0,No,24,4,4,3,22,2,3,3,2,2,3
54,0,Non-Travel,954,Research & Development,11,1,Other,4,Female,53,3,5,Manager,3,Married,17910,2650,8,No,24,4,2,0,12,2,1,11,1,9,10
24,0,Travel_Rarely,938,Human Resources,11,4,Life Sciences,4,Female,33,3,5,Manager,4,Divorced,17563,8336,5,No,25,4,1,0,10,2,4,9,8,8,5
36,1,Travel_Rarely,975,Sales,12,3,Life Sciences,3,Male,69,4,1,Sales Representative,3,Married,5386,22266,3,No,16,3,4,0,3,3,3,1,0,1,1
45,0,Travel_Rarely,984,Research & Development,27,4,Other,1,Male,49,3,2,Healthcare Representative,2,Married,8606,16715,8,No,17,3,4,1,5,2,4,1,0,0,0
36,1,Non-Travel,1183,Sales,2,3,Marketing,1,Male,39,4,1,Sales Representative,1,Married,5267,6134,7,Yes,22,4,3,0,2,2,3,2,0,2,2
51,0,Non-Travel,834,Human Resources,24,1,Life Sciences,3,Female,86,2,4,Manager,3,Married,15246,12345,6,No,15,3,4,0,15,2,2,14,7,2,11
32,1,Travel_Rarely,1011,Research & Development,23,4,Technical Degree,4,Female,84,4,2,Laboratory Technician,2,Married,8517,13971,8,Yes,21,4,1,2,10,3,3,6,2,3,6
32,0,Travel_Rarely,707,Sales,22,2,Marketing,3,Male,67,3,2,Sales Executive,3,Married,8805,8855,5,No,17,3,1,1,9,3,3,3,3,2,0
33,1,Travel_Rarely,436,Research & Development,5,2,Technical Degree,3,Female,83,2,1,Laboratory Technician,2,Married,5416,21363,0,No,11,3,4,1,2,3,2,1,0,1,1
43,1,Travel_Rarely,705,Research & Development,27,3,Technical Degree,1,Male,50,3,1,Laboratory Technician,4,Single,5780,20031,1,Yes,17,3,3,0,3,3,3,3,0,3,1
34,0,Non-Travel,1313,Sales,20,4,Other,4,Male,41,3,1,Sales Representative,4,Single,5666,5303,8,No,20,4,2,0,5,2,2,1,0,1,0
50,0,Travel_Frequently,372,Sales,6,1,Marketing,4,Female,35,3,1,Sales Representative,4,Divorced,5367,13410,7,No,18,3,2,2,2,2,2,1,0,1,0
56,1,Travel_Rarely,1067,Sales,17,4,Life Sciences,3,Female,33,4,1,Sales Representative,2,Married,5359,22389,7,No,22,4,2,1,4,2,1,4,0,1,1
31,0,Travel_Rarely,951,Research & Development,10,4,Life Sciences,3,Male,41,2,5,Manager,1,Married,17933,15782,1,No,14,3,2,2,10,2,2,3,3,0,0
20,1,Travel_Frequently,1487,Research & Development,21,4,Medical,3,Female,76,2,1,Laboratory Technician,3,Married,4811,10662,5,No,14,3,2,2,2,3,3,2,0,1,0
54,0,Non-Travel,1059,Research & Development,29,4,Other,1,Male,90,1,2,Manufacturing Director,2,Married,8990,25420,6,No,16,3,1,0,6,2,3,2,0,2,1
58,0,Non-Travel,756,Human Resources,23,2,Other,4,Male,67,3,2,Human Resources,1,Single,9001,15136,0,No,24,4,3,0,9,5,3,6,2,4,5
33,0,Travel_Rarely,112,Research & Development,3,1,Technical Degree,3,Female,36,1,4,Research Director,3,Married,15325,16719,3,No,22,4,3,1,13,2,4,6,2,1,1
54,0,Travel_Frequently,235,Research & Development,29,3,Other,4,Male,53,4,2,Manufacturing Director,3,Married,9057,5854,1,No,21,4,4,1,8,2,3,8,3,7,3
21,0,Travel_Rarely,1269,Sales,18,1,Medical,4,Female,44,3,4,Manager,3,Married,14917,19831,6,No,20,4,4,1,8,3,3,2,0,1,0
39,1,Travel_Frequently,1356,Research & Development,4,2,Technical Degree,2,Male,52,4,2,Manufacturing Director,4,Single,8750,15001,0,No,13,3,3,0,10,5,2,10,2,8,6
42,0,Travel_Rarely,993,Research & Development,25,4,Medical,2,Male,93,3,2,Healthcare Representative,1,Married,8547,8401,6,No,22,4,1,0,6,0,2,3,0,0,1
30,1,Travel_Frequently,475,Research & Development,11,3,Medical,1,Female,65,3,2,Manufacturing Director,2,Married,8564,7956,0,No,20,4,4,0,6,1,3,6,6,3,3
48,0,Travel_Rarely,1269,Research & Development,29,3,Medical,2,Male,98,3,5,Research Director,3,Married,19283,11141,1,No,14,3,1,0,20,3,3,20,19,5,3
53,1,Travel_Frequently,688,Research & Development,7,2,Medical,3,Male,71,4,4,Manager,4,Divorced,15501,8792,3,Yes,20,4,1,0,12,3,3,4,2,4,1
49,0,Travel_Frequently,405,Research & Development,27,3,Life Sciences,3,Male,41,2,3,Manufacturing Director,3,Married,12678,4654,3,No,11,3,4,1,13,5,2,1,0,0,0
20,1,Travel_Rarely,1497,Sales,11,5,Life Sciences,3,Female,71,3,2,Sales Executive,2,Married,8260,20734,7,Yes,15,3,3,0,4,3,3,4,3,3,0
39,1,Travel_Rarely,712,Sales,9,3,Marketing,1,Female,57,1,4,Manager,2,Single,15923,4172,1,No,17,3,1,0,19,3,3,4,2,1,0
33,0,Travel_Rarely,809,Sales,4,4,Life Sciences,4,Female,41,4,1,Sales Representative,3,Married,5103,15648,4,No,23,4,2,1,5,4,3,2,1,2,2
51,0,Travel_Rarely,425,Sales,23,4,Marketing,4,Male,54,2,2,Sales Executive,1,Married,8600,9774,3,No,16,3,4,1,9,3,3,7,7,7,4
46,1,Travel_Frequently,808,Research & Development,11,3,Other,4,Male,49,4,1,Research Scientist,3,Single,4887,5144,2,No,17,3,4,0,2,4,2,2,0,1,0
57,1,Travel_Rarely,538,Research & Development,13,4,Life Sciences,1,Female,40,2,2,Manufacturing Director,4,Married,8406,12905,6,No,20,4,1,3,7,4,3,1,1,1,0
38,1,Travel_Frequently,819,Sales,27,2,Other,4,Male,42,1,1,Sales Representative,4,Married,5399,10792,4,No,23,4,4,0,3,3,3,2,2,2,0
23,1,Travel_Frequently,721,Research & Development,23,3,Technical Degree,3,Male,80,2,1,Research Scientist,4,Married,4978,16693,3,Yes,20,4,3,0,4,3,1,2,0,2,1
57,1,Travel_Rarely,1301,Research & Development,25,3,Medical,3,Female,90,3,1,Research Scientist,2,Single,5177,6386,3,Yes,18,3,1,1,2,2,3,2,2,1,1
46,0,Travel_Rarely,541,Research & Development,4,3,Medical,3,Male,35,2,1,Research Scientist,3,Divorced,5182,23061,6,No,22,4,3,1,3,0,2,2,1,1,0
56,0,Travel_Rarely,521,Research & Development,27,3,Life Sciences,4,Male,66,1,5,Manager,2,Divorced,18821,18288,2,No,22,4,3,0,16,0,3,5,3,5,1
23,0,Travel_Rarely,296,Research & Development,10,4,Life Sciences,3,Male,71,3,2,Healthcare Representative,4,Single,8726,5124,5,No,21,4,3,0,5,2,3,1,0,1,0
34,0,Travel_Rarely,433,Research & Development,12,3,Technical Degree,3,Male,44,3,2,Manufacturing Director,2,Married,9127,11030,2,No,16,3,4,2,8,4,2,3,0,3,2
56,0,Travel_Rarely,1215,Research & Development,25,2,Technical Degree,1,Male,80,3,2,Laboratory Technician,2,Married,8418,3079,1,No,21,4,2,1,6,3,4,1,1,1,0
51,0,Travel_Frequently,1270,Research & Development,16,5,Other,1,Male,64,3,1,Research Scientist,1,Single,5238,11190,1,No,15,3,1,1,3,3,3,3,0,1,2
43,0,Travel_Rarely,627,Research & Development,23,2,Technical Degree,4,Female,57,3,3,Manufacturing Director,3,Single,11961,14271,6,No,13,3,1,1,8,2,2,2,2,2,1
41,0,Travel_Rarely,446,Sales,11,3,Marketing,2,Male,35,3,2,Sales Executive,3,Married,8639,11562,6,No,19,3,1,1,8,3,3,4,1,2,2
40,1,Travel_Frequently,245,Sales,28,3,Marketing,2,Male,93,1,2,Sales Executive,3,Single,8930,11456,2,Yes,14,3,2,0,9,2,3,2,2,2,0
20,0,Travel_Frequently,972,Research & Development,19,4,Life Sciences,3,Female,77,2,4,Research Director,2,Married,14369,19898,5,No,17,3,2,1,8,3,2,7,1,1,0
37,0,Travel_Rarely,290,Research & Development,9,2,Life Sciences,2,Female,38,2,3,Healthcare Representative,3,Single,11695,15277,8,No,15,3,4,2,7,0,3,5,4,3,1
32,0,Non-Travel,1136,Research & Development,22,3,Other,2,Male,99,4,5,Research Director,3,Divorced,18564,13970,0,No,20,4,4,0,14,2,2,9,1,3,6
39,0,Travel_Rarely,694,Sales,24,4,Life Sciences,4,Male,71,2,5,Manager,4,Single,19183,11488,5,No,25,4,1,0,21,5,3,19,16,15,14
29,0,Travel_Rarely,1182,Sales,17,3,Life Sciences,2,Female,38,2,2,Sales Executive,2,Divorced,8211,5968,7,No,23,4,1,2,6,3,2,2,0,1,2
23,1,Travel_Frequently,710,Research & Development,7,3,Medical,1,Male,43,3,2,Manufacturing Director,3,Divorced,8445,2446,2,Yes,23,4,1,1,5,5,3,1,0,1,0
43,1,Non-Travel,433,Research & Development,18,3,Medical,2,Male,60,2,1,Laboratory Technician,4,Married,5235,5775,1,No,23,4,2,0,5,2,3,4,0,4,0
46,1,Travel_Rarely,1192,Research & Development,21,4,Life Sciences,4,Female,49,4,1,Research Scientist,3,Married,5324,16783,0,No,13,3,1,3,5,1,2,5,1,5,5
24,1,Travel_Rarely,327,Sales,29,2,Marketing,1,Male,89,3,1,Sales Representative,4,Married,5104,20749,0,No,12,3,3,1,5,1,2,5,1,2,2
32,1,Travel_Frequently,981,Research & Development,18,4,Life Sciences,1,Female,58,3,5,Manager,3,Married,17951,21348,3,No,20,4,4,3,14,2,3,6,5,1,0
31,0,Non-Travel,1281,Human Resources,22,2,Medical,2,Male,47,1,4,Manager,1,Divorced,15409,22214,2,No,20,4,3,0,13,2,2,6,2,3,5
44,1,Non-Travel,270,Sales,29,1,Medical,4,Female,46,2,1,Sales Representative,1,Single,5703,13962,0,No,17,3,3,1,5,6,3,4,2,4,1
34,0,Travel_Rarely,560,Sales,18,3,Other,3,Female,36,3,2,Sales Executive,4,Married,8809,5918,0,No,22,4,3,0,9,6,2,3,1,1,0
55,0,Travel_Frequently,1124,Research & Development,6,3,Life Sciences,4,Female,90,2,3,Manufacturing Director,3,Married,12316,24797,1,No,14,3,1,2,12,3,2,7,2,1,7
26,1,Travel_Rarely,1322,Sales,15,2,Other,3,Male,42,3,1,Sales Representative,3,Single,4813,17630,1,No,19,3,2,0,2,3,3,2,1,2,1
45,0,Travel_Rarely,760,Research & Development,8,2,Life Sciences,3,Female,47,2,2,Laboratory Technician,4,Single,8540,14982,7,Yes,23,4,2,1,7,3,2,1,0,0,1
37,0,Travel_Rarely,191,Sales,18,3,Marketing,3,Male,78,3,2,Sales Executive,1,Married,9185,24865,8,No,15,3,2,1,10,2,3,3,1,3,1
38,0,Travel_Rarely,1257,Research & Development,3,5,Other,4,Female,45,3,2,Research Scientist,2,Married,8759,6243,7,No,17,3,3,1,4,3,1,1,0,1,1
45,0,Travel_Rarely,890,Research & Development,26,4,Medical,3,Male,77,3,1,Research Scientist,4,Married,5004,7499,8,No,12,3,3,0,3,2,3,2,0,1,1
22,0,Travel_Rarely,746,Research & Development,6,3,Other,1,Female,88,2,1,Laboratory Technician,4,Married,5715,13332,4,No,21,4,3,0,4,2,2,4,2,3,2
24,1,Travel_Rarely,982,Sales,21,4,Marketing,4,Female,30,4,2,Sales Executive,4,Single,9057,8923,0,Yes,17,3,2,0,6,3,2,4,1,0,1
40,0,Travel_Rarely,335,Research & Development,8,3,Medical,3,Female,79,1,2,Healthcare Representative,2,Divorced,9053,10669,5,No,17,3,3,1,7,5,2,2,0,0,1
28,0,Travel_Rarely,855,Research & Development,26,1,Medical,3,Male,77,1,4,Manager,2,Married,15324,11513,1,No,21,4,3,0,10,2,2,7,7,0,2
51,0,Travel_Rarely,276,Human Resources,7,3,Medical,4,Female,40,2,1,Human Resources,3,Married,5235,18577,4,No,20,4,1,0,3,3,3,2,1,1,0
32,0,Travel_Rarely,797,Sales,16,3,Medical,4,Female,31,1,1,Sales Representative,3,Single,5690,19515,2,Yes,22,4,4,2,3,3,3,2,0,2,0
31,0,Travel_Rarely,999,Research & Development,28,4,Technical Degree,1,Female,40,3,4,Research Director,1,Married,15376,9787,3,No,20,4,4,1,13,5,2,8,6,7,2
40,0,Travel_Rarely,1435,Research & Development,29,5,Life Sciences,4,Female,98,3,4,Research Director,2,Single,14583,2877,5,Yes,12,3,1,1,8,3,3,4,0,3,4
33,1,Travel_Rarely,672,Research & Development,19,2,Other,4,Female,82,3,4,Manager,1,Single,15120,6753,3,No,21,4,2,1,11,5,2,2,0,2,1
53,1,Travel_Rarely,158,Sales,20,2,Marketing,3,Male,97,2,2,Sales Executive,2,Single,8432,20646,6,No,12,3,2,0,5,5,1,2,0,1,1
50,1,Travel_Rarely,807,Research & Development,15,4,Technical Degree,3,Male,73,4,2,Manufacturing Director,2,Divorced,8468,9865,0,No,17,3,3,0,5,2,3,1,1,0,1
42,1,Travel_Frequently,493,Human Resources,18,2,Human Resources,3,Male,39,3,1,Human Resources,4,Married,5352,3381,8,No,21,4,2,0,4,6,1,2,1,0,2
27,0,Non-Travel,1389,Research & Development,26,2,Technical Degree,3,Female,35,3,1,Research Scientist,3,Married,5419,23376,0,Yes,17,3,1,3,3,2,3,1,1,0,0
35,1,Travel_Frequently,783,Human Resources,18,3,Other,4,Male,85,3,1,Human Resources,4,Single,5979,26502,5,Yes,17,3,3,0,5,2,3,3,0,2,0
42,0,Travel_Rarely,303,Sales,27,3,Life Sciences,1,Female,97,2,3,Sales Executive,3,Married,11928,21159,6,No,23,4,3,0,10,2,3,6,2,6,0
33,1,Travel_Frequently,1170,Research & Development,23,3,Life Sciences,2,Female,88,3,1,Laboratory Technician,4,Single,5540,23437,4,No,17,3,3,0,4,3,3,1,1,1,0
51,0,Travel_Frequently,508,Research & Development,2,3,Technical Degree,1,Male,57,3,2,Laboratory Technician,2,Married,9059,25755,3,No,12,3,4,1,6,3,2,2,0,1,1
42,0,Travel_Rarely,218,Research & Development,12,4,Medical,4,Male,63,1,4,Research Director,4,Divorced,15902,2709,2,No,12,3,3,1,19,3,3,17,3,6,8
53,0,Travel_Rarely,816,Sales,10,2,Life Sciences,1,Female,50,3,1,Sales Representative,2,Married,5791,12775,5,Yes,16,3,2,1,3,6,3,3,3,0,3
22,0,Travel_Rarely,934,Research & Development,13,4,Other,4,Female,89,3,5,Research Director,3,Married,17938,20827,5,No,18,3,2,0,10,5,1,4,1,3,3
32,0,Travel_Rarely,546,Research & Development,16,3,Life Sciences,1,Female,61,2,4,Research Director,3,Divorced,14669,12771,6,No,19,3,4,0,11,1,2,2,2,2,2
31,0,Travel_Rarely,578,Research & Development,2,4,Life Sciences,3,Female,93,3,1,Research Scientist,1,Married,5604,12889,5,No,25,4,3,0,3,2,3,3,0,2,1
37,0,Travel_Rarely,837,Research & Development,27,4,Medical,3,Male,82,2,5,Manager,4,Divorced,19387,24414,5,No,20,4,3,0,19,3,2,7,1,6,4
48,0,Travel_Rarely,770,Sales,11,1,Medical,3,Male,57,3,1,Sales Representative,4,Married,5190,4944,0,No,19,3,4,1,4,3,4,4,2,1,2
21,1,Travel_Rarely,1384,Sales,10,2,Other,2,Female,44,4,2,Sales Executive,2,Divorced,7925,2122,5,No,11,3,4,0,4,0,4,1,0,0,1
50,0,Travel_Rarely,1394,Human Resources,27,2,Medical,4,Male,55,3,4,Manager,3,Divorced,15576,22981,1,No,14,3,3,0,13,2,2,5,3,1,5
41,0,Travel_Rarely,382,Sales,21,3,Other,2,Male,87,3,2,Sales Executive,2,Married,9072,22269,6,Yes,12,3,1,1,7,3,3,7,4,4,1
20,1,Travel_Rarely,204,Research & Development,21,4,Other,4,Male,32,3,1,Laboratory Technician,1,Married,5177,6141,4,No,17,3,4,0,2,2,3,1,0,0,0
45,0,Travel_Rarely,1338,Research & Development,19,2,Technical Degree,1,Female,88,3,1,Laboratory Technician,3,Single,5077,15350,1,No,13,3,4,0,4,2,2,1,1,0,1
52,0,Travel_Rarely,1495,Research & Development,28,3,Life Sciences,3,Female,82,1,1,Laboratory Technician,4,Single,5008,7795,5,No,14,3,2,1,4,5,3,1,0,1,0
35,1,Travel_Rarely,594,Sales,22,2,Life Sciences,3,Female,80,3,1,Sales Representative,1,Married,5753,12195,2,Yes,12,3,3,0,3,2,2,2,1,2,0
56,0,Travel_Rarely,434,Sales,10,4,Medical,4,Male,33,2,2,Sales Executive,3,Single,8456,15041,5,Yes,19,3,3,1,8,1,3,5,1,5,0
30,0,Non-Travel,678,Sales,20,4,Life Sciences,4,Male,59,2,5,Manager,2,Single,17988,4161,8,No,22,4,3,0,12,3,4,2,0,1,0
49,0,Travel_Rarely,1285,Research & Development,3,4,Medical,2,Male,59,1,2,Laboratory Technician,1,Married,8984,13334,7,No,25,4,1,0,5,2,3,5,5,4,1
32,0,Travel_Rarely,1452,Research & Development,12,3,Medical,3,Female,49,3,1,Research Scientist,3,Married,5678,17847,7,No,19,3,1,2,3,3,1,1,0,1,1
27,1,Travel_Rarely,1074,Sales,29,3,Other,4,Female,42,3,4,Manager,4,Married,14933,13675,0,Yes,11,3,2,0,9,3,3,8,4,4,4
37,0,Travel_Rarely,873,Research & Development,6,2,Medical,4,Male,55,4,5,Manager,1,Divorced,17745,22390,5,No,22,4,3,1,10,3,3,7,5,4,1
42,0,Travel_Rarely,1495,Research & Development,15,3,Life Sciences,4,Female,34,4,1,Laboratory Technician,4,Married,5228,15122,2,Yes,21,4,1,0,4,2,3,2,2,0,2
20,0,Travel_Rarely,854,Sales,16,2,Marketing,3,Female,31,4,4,Manager,4,Single,14363,22119,0,Yes,17,3,4,3,8,6,3,1,0,1,1
59,1,Non-Travel,175,Research & Development,26,4,Medical,3,Female,95,2,2,Manufacturing Director,1,Married,9098,20733,7,No,16,3,4,0,7,6,2,4,3,4,0
40,0,Travel_Rarely,1440,Human Resources,5,5,Medical,3,Male,67,3,1,Human Resources,2,Married,4954,19043,4,No,12,3,4,1,2,2,1,1,1,0,1
45,0,Travel_Frequently,311,Research & Development,25,1,Technical Degree,3,Female,45,3,1,Research Scientist,3,Single,5945,15809,0,No,14,3,2,0,5,2,1,5,3,4,5
58,0,Travel_Rarely,552,Human Resources,23,1,Other,3,Female,89,3,4,Manager,4,Single,15189,25862,1,Yes,13,3,2,2,16,2,3,10,7,1,0
42,0,Travel_Rarely,425,Sales,26,3,Marketing,2,Male,63,3,5,Manager,3,Single,18830,2595,5,No,19,3,3,1,16,2,3,8,1,8,0
40,1,Non-Travel,1033,Research & Development,26,2,Life Sciences,1,Male,32,2,1,Laboratory Technician,3,Single,5628,8085,8,No,17,3,2,1,3,2,2,3,3,0,1
25,1,Travel_Rarely,1160,Sales,26,3,Medical,1,Male,55,2,4,Manager,2,Divorced,15213,26712,3,Yes,22,4,3,1,8,3,2,5,5,2,0
41,0,Travel_Frequently,982,Research & Development,4,4,Other,1,Male,57,3,4,Research Director,3,Divorced,16001,11719,5,No,12,3,2,1,19,2,3,2,2,1,1
56,1,Travel_Frequently,917,Sales,12,3,Life Sciences,1,Male,52,1,1,Sales Representative,1,Married,5379,3164,4,Yes,15,3,1,0,4,2,3,3,2,3,1
28,1,Travel_Rarely,470,Research & Development,17,4,Life Sciences,3,Female,35,3,2,Manufacturing Director,3,Single,8825,9450,0,Yes,12,3,1,0,10,1,2,1,1,0,1
57,0,Travel_Rarely,199,Sales,25,4,Medical,3,Female,34,1,5,Manager,4,Single,18855,2992,5,No,11,3,3,0,19,2,2,18,13,17,7
45,0,Travel_Rarely,1018,Research & Development,14,2,Technical Degree,4,Female,90,1,1,Laboratory Technician,2,Single,5774,24982,7,Yes,24,4,3,2,5,2,3,2,1,2,2
28,1,Travel_Rarely,204,Sales,19,4,Marketing,2,Male,77,2,1,Sales Representative,1,Divorced,5770,17051,2,Yes,16,3,2,2,5,4,1,5,2,5,0
48,1,Travel_Frequently,993,Sales,8,2,Marketing,2,Female,37,3,1,Sales Representative,1,Married,5684,26161,7,No,19,3,4,0,4,2,3,1,0,1,0
26,0,Travel_Rarely,372,Sales,2,3,Other,4,Female,62,3,1,Sales Representative,3,Single,5547,5758,1,No,24,4,4,1,3,3,3,1,0,1,1
28,1,Non-Travel,263,Research & Development,19,3,Life Sciences,3,Male,68,3,1,Research Scientist,1,Single,5629,12292,8,No,20,4,1,1,5,1,4,2,0,0,0
20,0,Travel_Rarely,1104,Research & Development,11,4,Life Sciences,4,Male,84,4,3,Healthcare Representative,3,Single,11453,23878,7,No,14,3,3,3,6,4,2,4,2,1,1
21,0,Travel_Rarely,1494,Research & Development,20,4,Medical,3,Male,76,2,5,Research Director,3,Married,17798,22454,4,No,17,3,3,0,10,3,3,5,1,2,5
58,0,Travel_Rarely,265,Research & Development,10,3,Medical,3,Male,67,3,1,Laboratory Technician,3,Married,5175,17540,0,No,23,4,4,1,3,5,3,1,1,1,1
31,1,Travel_Frequently,703,Research & Development,6,5,Technical Degree,3,Male,99,1,2,Research Scientist,2,Married,8400,16330,7,No,14,3,3,1,4,3,2,4,1,3,2
48,0,Non-Travel,1118,Research & Development,18,5,Medical,3,Male,67,3,4,Manager,2,Married,15442,25763,5,No,12,3,3,1,13,6,1,7,5,7,6
49,1,Travel_Rarely,693,Sales,27,4,Medical,4,Female,82,2,1,Sales Representative,3,Single,5222,8642,4,Yes,13,3,4,1,4,6,3,2,0,0,1
37,0,Non-Travel,1343,Research & Development,23,2,Technical Degree,4,Male,86,2,3,Manufacturing Director,2,Single,12146,12892,8,No,17,3,1,0,12,2,2,1,0,1,1
43,1,Travel_Rarely,1200,Sales,7,5,Medical,1,Male,95,2,1,Sales Representative,2,Divorced,5603,21965,2,No,21,4,4,0,2,5,2,1,0,0,1
26,0,Travel_Rarely,565,Sales,6,4,Life Sciences,4,Male,60,2,4,Manager,3,Single,14351,15750,4,No,24,4,1,1,8,3,3,2,2,0,0
36,1,Travel_Rarely,1189,Research & Development,13,3,Medical,2,Male,51,3,2,Research Scientist,3,Single,8752,12797,2,No,11,3,3,2,9,3,2,8,3,7,7
45,1,Travel_Rarely,654,Research & Development,3,2,Other,1,Male,52,2,1,Research Scientist,4,Married,5971,12394,5,No,20,4,3,2,5,3,3,3,0,0,1
20,0,Travel_Rarely,1264,Research & Development,16,3,Life Sciences,3,Male,47,3,4,Manager,4,Married,15100,13688,3,No,20,4,4,0,8,1,2,2,1,2,2
50,0,Travel_Rarely,938,Research & Development,3,1,Medical,3,Male,67,2,1,Research Scientist,4,Married,4942,21037,7,No,20,4,1,1,4,3,3,2,1,0,1
20,1,Non-Travel,686,Sales,20,2,Other,1,Female,80,2,2,Sales Executive,4,Single,8396,20218,5,No,23,4,2,1,4,3,1,4,4,1,1
58,0,Travel_Frequently,684,Research & Development,10,4,Technical Degree,3,Male,82,3,4,Research Director,3,Divorced,15109,15266,8,No,14,3,2,0,15,2,3,7,6,3,2
28,0,Travel_Rarely,799,Research & Development,15,2,Medical,2,Female,53,3,4,Manager,1,Divorced,14738,11719,0,Yes,14,3,4,2,10,3,3,6,5,4,4
32,0,Travel_Rarely,1086,Research & Development,25,4,Other,4,Female,35,4,3,Manufacturing Director,3,Single,12180,18246,7,No,12,3,4,0,14,6,4,6,0,6,6
52,0,Travel_Frequently,376,Research & Development,4,3,Life Sciences,2,Male,94,2,5,Manager,3,Divorced,18506,13139,6,No,22,4,4,0,12,3,1,8,5,4,1
53,1,Travel_Rarely,619,Sales,5,3,Life Sciences,2,Male,50,4,2,Sales Executive,2,Married,8621,8458,0,Yes,12,3,1,1,6,3,3,4,1,2,4
36,1,Travel_Frequently,1448,Sales,9,4,Life Sciences,4,Male,48,4,2,Sales Executive,4,Single,8329,23669,4,No,21,4,4,0,5,3,2,4,0,4,1
39,1,Travel_Frequently,765,Sales,10,3,Life Sciences,3,Male,85,3,2,Sales Executive,4,Single,8227,7909,8,Yes,19,3,3,2,6,6,3,1,1,0,0
55,0,Travel_Frequently,237,Research & Development,13,4,Life Sciences,2,Male,76,2,4,Research Director,2,Married,15581,4317,6,No,16,3,3,1,17,2,2,5,0,0,0
54,0,Travel_Rarely,598,Research & Development,22,2,Life Sciences,1,Female,38,3,5,Research Director,3,Divorced,19112,17037,5,No,24,4,3,0,17,2,3,3,2,3,2
30,0,Travel_Rarely,925,Sales,6,3,Medical,4,Male,48,1,2,Sales Executive,2,Married,8450,25408,5,No,23,4,3,1,4,0,3,4,3,0,4
21,0,Travel_Rarely,1182,Research & Development,1,4,Life Sciences,1,Female,78,2,4,Manager,4,Divorced,14763,4110,3,Yes,24,4,1,0,8,6,3,4,2,4,3
52,0,Travel_Rarely,1256,Human Resources,13,3,Medical,3,Female,84,2,4,Manager,3,Married,15642,26636,8,No,19,3,1,2,18,4,3,2,1,0,0
34,0,Travel_Rarely,428,Research & Development,10,3,Medical,3,Male,70,1,2,Manufacturing Director,1,Divorced,8831,15478,6,No,20,4,4,0,8,2,3,7,2,6,4
40,0,Travel_Rarely,463,Research & Development,18,4,Other,4,Male,41,3,4,Research Director,3,Divorced,14964,26977,3,No,24,4,1,1,11,2,4,3,3,0,1
39,0,Travel_Frequently,1469,Research & Development,3,4,Life Sciences,1,Male,87,2,5,Research Director,3,Single,18356,17704,1,Yes,25,4,4,0,16,3,3,9,5,1,0
33,0,Travel_Rarely,763,Research & Development,28,1,Other,4,Male,40,2,3,Manufacturing Director,4,Single,12193,8330,3,No,16,3,1,0,15,2,4,1,0,0,1
28,0,Travel_Rarely,730,Sales,15,2,Marketing,4,Male,96,1,2,Sales Executive,2,Single,9048,24257,6,No,21,4,4,1,10,2,3,7,1,0,1
31,0,Travel_Frequently,1357,Sales,12,4,Medical,3,Female,86,1,2,Sales Executive,4,Married,8085,2364,6,Yes,19,3,1,1,5,6,3,2,1,1,1
22,0,Travel_Rarely,965,Sales,6,3,Other,1,Male,67,2,3,Sales Executive,3,Single,11567,7329,3,No,22,4,2,0,6,3,2,3,1,2,1
51,0,Travel_Frequently,422,Research & Development,19,3,Medical,4,Female,31,1,2,Manufacturing Director,3,Single,8990,16328,3,No,19,3,4,0,5,3,3,5,0,3,3
54,1,Travel_Frequently,842,Research & Development,5,4,Medical,4,Female,52,4,1,Laboratory Technician,2,Divorced,5391,26111,6,Yes,23,4,1,1,2,3,3,1,1,0,0
55,0,Travel_Rarely,159,Research & Development,13,2,Life Sciences,2,Male,32,4,5,Research Director,4,Single,18267,21317,8,No,17,3,4,2,11,2,2,11,0,6,11
21,0,Non-Travel,484,Sales,15,2,Other,4,Male,99,4,4,Manager,4,Single,14369,22684,8,No,16,3,2,0,8,4,4,4,1,4,4
46,0,Travel_Frequently,668,Research & Development,7,1,Other,1,Male,78,3,5,Manager,3,Married,18457,7167,4,No,18,3,4,0,18,5,4,13,10,11,0
31,1,Travel_Rarely,1063,Sales,19,3,Marketing,2,Male,79,3,1,Sales Representative,1,Married,4756,2045,1,No,20,4,3,1,2,3,2,1,1,1,1
39,0,Travel_Rarely,1464,Research & Development,22,2,Other,3,Male,36,3,5,Research Director,2,Married,19157,26323,2,No,21,4,4,1,21,2,3,12,8,10,12
30,0,Travel_Rarely,761,Sales,6,3,Life Sciences,4,Male,87,4,1,Sales Representative,2,Married,5684,14791,2,Yes,22,4,1,3,5,3,3,5,1,0,3
56,1,Travel_Rarely,672,Research & Development,2,3,Life Sciences,2,Male,31,3,4,Manager,2,Married,16349,25729,5,No,12,3,2,0,20,2,2,19,6,8,18
35,0,Travel_Rarely,1306,Research & Development,14,2,Other,1,Female,86,2,4,Manager,4,Single,15415,10848,3,No,17,3,3,1,17,2,2,5,2,3,2
31,1,Travel_Rarely,390,Research & Development,10,3,Life Sciences,3,Female,93,2,2,Manufacturing Director,3,Divorced,8328,18884,7,Yes,20,4,1,1,7,2,3,3,1,2,1
22,1,Travel_Frequently,640,Research & Development,17,2,Life Sciences,3,Male,89,2,2,Manufacturing Director,4,Single,8166,24978,2,No,11,3,3,1,4,6,2,3,0,1,0
41,1,Travel_Rarely,663,Research & Development,23,4,Technical Degree,3,Male,63,2,1,Research Scientist,2,Married,5086,21867,8,No,13,3,2,2,2,3,1,1,1,1,1
52,0,Travel_Rarely,733,Sales,29,2,Other,2,Male,55,2,3,Sales Executive,3,Divorced,11881,13136,8,No,14,3,3,0,9,2,3,4,1,4,0
52,0,Travel_Rarely,997,Sales,20,3,Marketing,4,Male,50,3,3,Sales Executive,2,Single,11656,7778,0,No,19,3,4,0,7,2,3,6,4,2,1
51,0,Travel_Frequently,1076,Research & Development,1,1,Technical Degree,3,Male,66,4,4,Research Director,1,Divorced,14863,2632,7,Yes,11,3,1,1,11,3,3,3,2,2,1
45,1,Travel_Rarely,526,Sales,11,4,Medical,1,Female,88,3,1,Sales Representative,1,Married,5436,18480,3,No,13,3,2,1,3,2,3,1,1,1,1
28,0,Travel_Rarely,984,Sales,6,4,Marketing,1,Male,62,4,2,Sales Executive,4,Married,8689,25150,7,Yes,12,3,4,0,5,4,3,1,1,0,0
35,1,Travel_Frequently,492,Sales,22,2,Medical,3,Female,79,2,3,Sales Executive,4,Single,11939,13292,8,No,17,3,4,1,10,3,3,9,2,2,0
53,0,Travel_Rarely,1301,Sales,27,1,Life Sciences,3,Female,72,2,2,Sales Executive,3,Divorced,9387,3868,3,Yes,18,3,2,1,10,3,2,6,3,0,0
23,0,Travel_Rarely,868,Research & Development,17,3,Life Sciences,3,Female,32,1,5,Research Director,4,Single,17576,21171,0,No,13,3,4,3,10,3,3,8,1,7,3
49,1,Travel_Frequently,881,Sales,25,2,Medical,4,Male,97,3,5,Manager,1,Single,18098,13750,4,Yes,14,3,3,0,10,2,3,4,4,0,4
49,0,Travel_Rarely,1311,Research & Development,5,2,Life Sciences,3,Male,37,2,1,Research Scientist,3,Married,5106,17445,0,No,14,3,1,2,5,6,3,5,1,5,2
21,0,Travel_Rarely,575,Research & Development,16,3,Life Sciences,1,Female,67,3,4,Manager,4,Single,14554,3340,8,Yes,24,4,2,1,8,2,3,2,1,0,0
25,0,Travel_Frequently,784,Research & Development,22,3,Technical Degree,1,Female,42,3,4,Research Director,3,Divorced,14974,6233,4,No,12,3,4,1,8,3,2,3,2,1,2
59,0,Travel_Rarely,1298,Research & Development,28,4,Medical,3,Female,98,4,2,Manufacturing Director,2,Single,9344,20276,4,No,25,4,1,3,10,3,3,1,1,0,1
46,1,Travel_Rarely,1244,Research & Development,5,3,Technical Degree,3,Male,97,3,1,Research Scientist,1,Single,5711,10216,2,Yes,14,3,3,0,4,2,4,2,1,0,2
57,1,Travel_Rarely,1419,Research & Development,3,3,Technical Degree,1,Female,66,3,1,Research Scientist,4,Married,4959,2233,8,No,17,3,3,0,4,2,3,1,1,0,1
50,1,Travel_Frequently,1001,Research & Development,18,5,Other,2,Female,67,3,5,Research Director,4,Single,19143,23529,5,Yes,21,4,4,1,24,1,2,14,12,1,3
54,0,Travel_Rarely,1082,Research & Development,16,4,Technical Degree,2,Male,73,1,5,Manager,4,Married,18654,18626,0,No,23,4,3,0,21,2,3,15,4,3,2
42,0,Non-Travel,856,Research & Development,9,3,Other,1,Male,69,2,2,Manufacturing Director,3,Married,8866,13744,2,Yes,14,3,3,2,7,4,3,7,2,0,3
34,0,Travel_Frequently,466,Research & Development,16,3,Technical Degree,4,Male,67,2,3,Manufacturing Director,2,Divorced,12162,6350,2,Yes,12,3,1,0,12,4,3,3,0,1,3
26,0,Non-Travel,226,Research & Development,29,3,Technical Degree,4,Male,98,4,2,Healthcare Representative,3,Married,8762,4268,8,Yes,13,3,1,1,8,3,4,1,0,0,0
39,0,Travel_Rarely,378,Research & Development,22,4,Technical Degree,3,Female,85,3,4,Research Director,4,Single,14648,6019,0,Yes,14,3,3,2,9,2,2,4,0,1,1
46,0,Travel_Rarely,1194,Research & Development,8,3,Other,3,Female,99,3,5,Manager,4,Married,18824,8026,4,No,22,4,3,0,22,3,3,9,3,2,1
48,1,Travel_Frequently,1155,Sales,7,5,Life Sciences,2,Female,92,1,3,Sales Executive,4,Single,11324,5083,5,No,25,4,3,0,8,4,2,1,1,1,0
25,0,Travel_Rarely,797,Research & Development,15,2,Life Sciences,4,Male,39,1,4,Research Director,3,Divorced,14386,10974,1,No,20,4,2,1,8,3,3,3,1,0,1
36,0,Travel_Rarely,431,Sales,6,1,Other,4,Female,43,4,1,Sales Representative,3,Married,5885,9512,0,No,18,3,3,0,4,6,4,4,4,2,3
29,0,Travel_Rarely,1091,Research & Development,11,1,Other,3,Female,59,2,1,Laboratory Technician,4,Married,5792,25416,6,No,23,4,2,1,5,0,3,2,2,0,0
31,0,Non-Travel,1120,Research & Development,9,4,Medical,3,Male,33,4,4,Research Director,3,Married,15645,23351,8,No,21,4,3,0,12,5,1,10,5,10,7
54,0,Travel_Rarely,991,Sales,17,3,Medical,2,Female,86,3,1,Sales Representative,1,Married,5530,24149,7,No,11,3,3,0,4,2,3,1,1,1,1
40,0,Travel_Rarely,1339,Research & Development,7,2,Technical Degree,2,Male,40,2,1,Research Scientist,1,Divorced,5215,23381,7,Yes,21,4,1,1,3,2,3,1,1,1,1
32,1,Travel_Rarely,646,Research & Development,20,5,Medical,4,Male,44,4,2,Laboratory Technician,4,Divorced,8864,18320,5,No,20,4,2,0,10,3,2,5,1,4,1
34,0,Travel_Rarely,902,Research & Development,21,4,Other,4,Male,81,3,4,Manager,1,Married,15584,10150,2,No,22,4,4,0,16,4,3,14,5,14,4
55,1,Travel_Rarely,1152,Research & Development,24,3,Other,3,Male,77,4,2,Laboratory Technician,1,Divorced,9014,10521,5,No,13,3,2,1,8,0,3,8,8,6,3
52,0,Travel_Rarely,1301,Research & Development,12,4,Technical Degree,3,Female,70,4,1,Research Scientist,3,Married,5265,7932,2,No,17,3,3,3,2,3,3,1,1,1,1
41,0,Travel_Rarely,1403,Research & Development,3,3,Life Sciences,4,Male,38,3,2,Healthcare Representative,4,Single,8281,21364,3,No,24,4,4,0,4,2,4,3,1,3,2
43,0,Travel_Frequently,517,Sales,18,3,Medical,2,Female,82,2,4,Manager,2,Married,16338,3421,5,No,21,4,3,0,20,4,3,16,0,15,14
36,0,Non-Travel,818,Research & Development,24,2,Technical Degree,2,Male,59,3,5,Manager,3,Married,18996,14938,3,Yes,21,4,4,1,18,3,3,7,5,2,0
37,0,Travel_Rarely,474,Research & Development,13,3,Technical Degree,1,Female,74,3,3,Manufacturing Director,1,Single,11569,20812,4,No,20,4,4,1,9,2,3,6,2,4,6
25,0,Travel_Rarely,779,Research & Development,15,4,Medical,4,Male,80,4,5,Research Director,4,Married,17983,20298,5,No,15,3,2,0,10,0,2,5,3,5,3
32,1,Travel_Frequently,691,Research & Development,3,3,Life Sciences,4,Male,36,3,2,Manufacturing Director,1,Divorced,8448,18078,7,Yes,18,3,4,0,5,3,1,5,3,5,0
32,0,Travel_Rarely,331,Sales,13,4,Marketing,2,Male,88,3,4,Manager,4,Divorced,14903,5676,1,No,24,4,2,0,10,1,3,6,6,0,3
58,0,Travel_Frequently,1400,Human Resources,12,2,Human Resources,4,Male,62,1,5,Manager,4,Divorced,18243,11664,3,No,19,3,1,0,14,4,3,13,13,10,0
50,1,Non-Travel,278,Research & Development,22,5,Medical,4,Male,91,4,1,Laboratory Technician,3,Married,5160,22598,3,No,15,3,4,0,2,3,1,1,0,1,0
27,0,Travel_Frequently,1041,Research & Development,17,3,Life Sciences,3,Female,52,2,3,Healthcare Representative,1,Married,11754,7340,5,Yes,22,4,2,1,6,6,4,4,4,2,3
40,0,Travel_Rarely,1378,Research & Development,9,2,Other,4,Male,31,3,2,Laboratory Technician,4,Married,9199,8125,8,Yes,13,3,3,0,8,6,3,5,2,0,3
37,1,Travel_Rarely,1497,Sales,17,4,Other,1,Male,94,3,2,Sales Executive,4,Single,8800,14674,4,Yes,25,4,3,0,9,2,2,4,4,2,4
42,0,Travel_Rarely,663,Sales,9,3,Other,4,Female,89,4,3,Sales Executive,1,Single,12157,20977,8,Yes,23,4,2,3,10,2,4,1,1,0,1
27,0,Travel_Rarely,1124,Sales,11,3,Life Sciences,4,Male,89,3,4,Manager,4,Single,15110,8393,7,Yes,22,4,2,1,9,3,3,9,8,0,1
33,0,Travel_Rarely,274,Research & Development,2,3,Life Sciences,3,Male,33,1,2,Research Scientist,3,Divorced,8765,19718,2,No,12,3,3,3,10,0,3,7,6,1,5
50,1,Non-Travel,1465,Research & Development,11,4,Life Sciences,2,Male,96,3,2,Healthcare Representative,3,Single,7973,20886,1,No,22,4,3,0,4,5,2,4,1,0,3
36,0,Travel_Rarely,608,Sales,27,4,Life Sciences,3,Male,66,2,1,Sales Representative,3,Single,5043,5439,7,No,19,3,3,0,5,4,3,5,2,1,2
21,1,Travel_Rarely,634,Research & Development,24,3,Medical,3,Female,75,2,1,Research Scientist,4,Married,5602,22221,4,Yes,25,4,3,0,3,1,4,2,0,2,0
55,0,Travel_Rarely,657,Research & Development,14,4,Life Sciences,2,Male,38,2,3,Manufacturing Director,2,Married,12088,10080,4,Yes,25,4,4,1,10,2,3,9,3,9,5
41,0,Travel_Rarely,323,Research & Development,10,4,Life Sciences,2,Male,81,2,4,Manager,3,Single,15461,8163,0,No,18,3,3,1,12,2,1,3,3,1,0
20,0,Travel_Rarely,106,Research & Development,8,4,Technical Degree,3,Male,61,3,4,Research Director,1,Married,15178,22719,0,No,13,3,1,1,8,2,2,6,5,3,0
25,0,Travel_Rarely,1479,Research & Development,1,3,Medical,1,Male,54,3,4,Manager,1,Married,14717,12945,8,No,14,3,4,1,8,3,3,5,5,4,0
37,1,Travel_Rarely,954,Human Resources,24,3,Human Resources,1,Male,47,2,4,Manager,1,Married,15356,2510,2,Yes,23,4,3,1,17,2,3,8,5,4,7
58,1,Travel_Rarely,706,Sales,17,4,Medical,4,Male,85,4,4,Manager,3,Married,15574,18927,3,Yes,22,4,2,0,16,0,1,15,3,7,15
27,0,Travel_Rarely,1364,Research & Development,18,3,Technical Degree,3,Male,42,3,5,Research Director,3,Single,18279,12155,8,Yes,19,3,3,3,10,0,4,8,5,7,0
35,0,Travel_Frequently,529,Research & Development,11,3,Life Sciences,2,Male,51,2,2,Manufacturing Director,3,Married,8782,26918,3,No,18,3,3,0,8,2,3,8,7,0,1
24,0,Travel_Rarely,212,Sales,6,3,Other,2,Male,38,3,1,Sales Representative,4,Married,5124,24262,4,No,16,3,3,1,5,2,3,3,0,2,1
23,0,Travel_Rarely,790,Research & Development,22,3,Medical,2,Male,93,2,2,Research Scientist,4,Married,8896,25382,4,No,22,4,4,1,5,2,3,4,2,3,1
40,0,Travel_Rarely,798,Sales,25,4,Other,3,Female,35,3,3,Sales Executive,3,Divorced,12722,6960,0,No,24,4,1,0,13,0,2,1,0,0,0
38,0,Travel_Rarely,1025,Sales,6,3,Other,1,Male,37,1,4,Manager,2,Married,15721,18020,5,No,16,3,2,1,17,2,3,13,1,5,0
28,0,Travel_Rarely,575,Research & Development,23,2,Life Sciences,4,Male,45,4,2,Laboratory Technician,2,Divorced,9358,17719,4,No,17,3,2,1,9,4,4,7,2,6,6
28,0,Travel_Rarely,543,Sales,2,4,Medical,4,Male,50,3,2,Sales Executive,2,Single,7904,18023,8,No,22,4,2,0,4,1,3,3,1,0,0
43,0,Travel_Frequently,714,Sales,2,3,Marketing,4,Male,76,2,2,Sales Executive,4,Divorced,8167,21394,6,No,11,3,1,1,4,3,2,2,0,0,0
38,0,Travel_Rarely,1365,Research & Development,1,4,Technical Degree,4,Female,77,3,2,Healthcare Representative,3,Married,8894,19692,0,No,21,4,4,1,7,3,2,7,5,3,1
24,0,Travel_Rarely,501,Research & Development,2,3,Other,3,Female,48,3,4,Research Director,1,Married,14753,6301,4,Yes,18,3,3,1,8,2,2,7,4,0,0
36,0,Travel_Frequently,1441,Research & Development,11,3,Life Sciences,3,Male,42,3,1,Research Scientist,3,Single,5348,6008,0,Yes,23,4,4,1,2,6,1,1,0,1,1
23,1,Non-Travel,1049,Research & Development,20,2,Medical,3,Female,98,3,2,Healthcare Representative,4,Divorced,8359,18905,5,No,19,3,1,1,4,3,3,1,1,1,0
51,1,Travel_Rarely,1299,Research & Development,10,3,Other,3,Male,96,2,5,Manager,4,Single,19262,24441,2,No,18,3,4,1,21,2,3,9,8,9,2
30,1,Travel_Frequently,459,Research & Development,28,3,Life Sciences,4,Male,44,3,2,Manufacturing Director,3,Single,8749,15242,2,No,13,3,1,1,7,2,2,7,6,6,3
36,0,Travel_Rarely,1171,Research & Development,5,4,Other,2,Male,39,1,2,Manufacturing Director,4,Single,8832,20664,4,No,14,3,4,1,7,3,3,6,4,3,5
55,0,Travel_Rarely,1416,Sales,5,4,Life Sciences,4,Male,67,4,3,Sales Executive,1,Married,12379,15919,0,No,21,4,2,0,13,3,3,8,4,1,5
43,0,Travel_Rarely,1240,Research & Development,2,5,Other,3,Female,99,1,2,Research Scientist,4,Married,8720,4945,8,No,16,3,4,0,10,3,2,1,0,0,0
48,1,Travel_Rarely,1022,Sales,25,3,Other,4,Male,68,2,2,Sales Executive,2,Single,8944,20130,5,No,19,3,4,2,5,2,2,1,1,0,1
38,0,Travel_Rarely,1085,Sales,10,1,Life Sciences,4,Male,36,1,1,Sales Representative,2,Married,5302,9879,2,No,13,3,3,0,3,3,3,1,1,0,0
40,1,Travel_Rarely,1353,Sales,27,3,Medical,1,Male,83,3,2,Sales Executive,2,Married,9354,5952,4,Yes,11,3,1,0,10,2,3,10,0,5,0
48,1,Non-Travel,820,Research & Development,2,3,Other,3,Male,74,4,1,Laboratory Technician,4,Divorced,5365,4389,8,Yes,15,3,2,1,3,3,3,1,1,1,0
25,0,Non-Travel,647,Research & Development,26,2,Other,1,Male,94,3,4,Manager,4,Married,14797,2131,0,No,14,3,2,3,8,3,3,4,1,0,4
49,1,Travel_Rarely,537,Sales,1,2,Marketing,4,Female,45,3,2,Sales Executive,4,Single,8662,23799,8,Yes,14,3,4,1,10,3,2,3,3,3,1
24,0,Travel_Rarely,1200,Research & Development,22,2,Technical Degree,3,Male,77,3,2,Healthcare Representative,3,Married,8898,23246,2,Yes,12,3,4,0,6,3,3,6,1,0,5
30,0,Travel_Rarely,174,Research & Development,15,4,Other,3,Male,77,1,5,Research Director,3,Single,17734,21744,3,No,13,3,4,0,12,3,1,2,2,1,1
28,1,Travel_Rarely,1217,Research & Development,18,1,Life Sciences,2,Male,34,3,3,Manufacturing Director,3,Married,11625,25892,4,No,20,4,4,1,7,4,1,2,1,1,1
50,1,Travel_Rarely,908,Research & Development,1,4,Medical,3,Female,72,2,4,Manager,1,Single,15234,26524,4,No,12,3,1,0,9,2,3,1,1,1,0
46,0,Travel_Rarely,946,Research & Development,17,4,Other,1,Female,79,4,5,Manager,1,Married,18736,9730,1,No,14,3,1,1,13,2,2,7,7,4,5
43,0,Travel_Rarely,163,Research & Development,25,4,Technical Degree,3,Female,95,2,2,Manufacturing Director,3,Divorced,8886,19358,3,No,12,3,4,0,6,3,3,6,5,0,2
22,1,Travel_Rarely,216,Sales,8,3,Marketing,1,Female,53,3,1,Sales Representative,3,Divorced,5393,26281,0,Yes,25,4,4,0,4,5,3,1,0,0,0
22,0,Non-Travel,436,Sales,14,1,Marketing,3,Male,33,3,2,Sales Executive,2,Single,8506,19293,6,No,14,3,3,1,4,0,3,2,1,0,1
45,0,Travel_Frequently,1209,Research & Development,13,3,Technical Degree,4,Male,75,2,4,Manager,4,Divorced,14441,17597,7,No,20,4,3,1,8,3,2,7,4,3,3
41,1,Travel_Rarely,1198,Sales,4,1,Other,3,Male,32,3,1,Sales Representative,1,Married,5867,19131,5,Yes,24,4,3,0,5,4,3,5,1,3,0
35,0,Non-Travel,557,Sales,12,3,Marketing,4,Male,91,3,3,Sales Executive,2,Married,11703,20688,2,Yes,11,3,3,0,10,2,3,2,1,2,1
28,1,Travel_Rarely,492,Research & Development,6,4,Other,2,Female,87,3,2,Research Scientist,4,Married,8927,13155,3,No,23,4,2,0,10,1,2,2,1,2,0
55,0,Travel_Rarely,1114,Research & Development,9,3,Life Sciences,3,Male,36,4,2,Research Scientist,3,Married,9394,25785,3,Yes,23,4,3,0,9,6,4,8,3,1,8
55,1,Travel_Frequently,1060,Sales,25,3,Other,2,Male,31,3,1,Sales Representative,3,Single,5015,23559,1,No,25,4,4,1,5,5,3,3,0,3,2
41,0,Travel_Rarely,751,Research & Development,19,4,Life Sciences,3,Female,75,3,4,Manager,3,Single,15565,9758,6,No,16,3,4,2,14,4,3,3,0,1,3
25,1,Travel_Frequently,564,Research & Development,5,3,Life Sciences,1,Male,63,4,1,Research Scientist,1,Married,5157,9269,0,No,25,4,2,1,5,6,3,2,0,2,0
35,1,Travel_Rarely,861,Research & Development,18,4,Technical Degree,4,Male,86,3,3,Healthcare Representative,4,Single,12362,20741,8,Yes,14,3,3,0,9,2,2,9,2,4,9
42,1,Travel_Frequently,1284,Sales,17,3,Other,4,Female,62,2,1,Sales Representative,3,Married,5626,19254,0,Yes,12,3,1,1,2,0,3,2,2,2,1
34,0,Travel_Rarely,823,Sales,24,4,Marketing,1,Male,90,1,2,Sales Executive,3,Divorced,8275,3942,3,Yes,15,3,1,1,4,3,4,3,1,1,2
37,0,Travel_Rarely,570,Research & Development,7,2,Medical,2,Male,48,2,5,Manager,3,Married,18994,6035,4,No,18,3,4,0,16,3,4,4,1,2,1
58,0,Travel_Rarely,1160,Human Resources,7,3,Other,2,Male,43,3,5,Manager,4,Married,18481,14186,6,No,21,4,1,1,11,5,3,9,4,7,6
57,0,Travel_Rarely,852,Research & Development,27,1,Other,3,Female,56,3,2,Healthcare Representative,3,Divorced,8505,11023,6,No,12,3,3,1,6,5,4,4,1,2,0
47,0,Travel_Rarely,1287,Research & Development,1,2,Life Sciences,3,Female,63,3,5,Research Director,3,Divorced,17951,13573,6,No,12,3,2,0,13,5,1,9,3,2,4
37,1,Travel_Rarely,357,Research & Development,13,4,Medical,4,Male,54,3,4,Research Director,4,Single,14724,19358,6,No,18,3,1,0,10,3,1,7,6,3,1
33,1,Travel_Rarely,1271,Research & Development,28,3,Medical,4,Male,81,4,1,Research Scientist,3,Single,5493,2022,6,No,19,3,2,0,3,3,2,3,1,3,0
36,0,Travel_Rarely,1498,Research & Development,6,4,Technical Degree,4,Male,70,1,4,Manager,4,Married,15483,3507,6,No,22,4,3,0,18,0,3,2,1,1,0
39,0,Travel_Frequently,863,Sales,13,3,Other,4,Male,45,3,5,Manager,3,Single,19068,25074,7,No,11,3,4,1,21,2,3,21,5,15,19
48,0,Travel_Rarely,726,Research & Development,1,3,Technical Degree,4,Male,68,3,2,Healthcare Representative,1,Divorced,9061,8601,7,No,22,4,2,0,6,2,3,5,1,1,2
58,0,Travel_Rarely,1485,Research & Development,16,3,Technical Degree,3,Female,98,1,2,Manufacturing Director,3,Single,9062,12995,2,No,19,3,4,0,10,3,4,3,1,2,2
43,1,Travel_Frequently,1045,Research & Development,23,4,Technical Degree,3,Female,94,2,2,Healthcare Representative,4,Married,8550,17467,1,No,14,3,2,1,8,3,2,5,5,4,4
46,1,Travel_Rarely,344,Research & Development,25,2,Medical,3,Female,73,2,3,Manufacturing Director,3,Single,12392,19769,1,No,12,3,2,1,9,5,2,5,2,4,0
49,0,Travel_Rarely,574,Research & Development,1,4,Technical Degree,1,Male,78,4,3,Manufacturing Director,4,Married,12793,26297,8,No,15,3,1,2,15,2,3,3,0,1,0
34,1,Travel_Rarely,891,Research & Development,20,3,Other,1,Female,96,3,1,Laboratory Technician,1,Divorced,5170,19693,5,Yes,16,3,2,0,4,1,3,3,3,0,3
37,1,Travel_Frequently,855,Research & Development,21,4,Medical,3,Male,50,3,4,Research Director,2,Single,14492,20909,6,Yes,22,4,4,0,8,3,2,6,5,0,5
21,0,Travel_Rarely,1073,Research & Development,6,4,Technical Degree,4,Female,69,3,2,Healthcare Representative,4,Divorced,8278,13672,0,Yes,22,4,4,1,4,2,3,3,1,3,3
45,0,Non-Travel,625,Sales,1,1,Other,2,Female,95,3,1,Sales Representative,2,Married,5098,3180,2,No,14,3,3,1,5,4,3,1,1,0,0
36,0,Non-Travel,1099,Sales,21,5,Other,4,Male,53,4,1,Sales Representative,4,Married,5791,21447,2,No,18,3,3,1,5,2,3,4,3,1,1
53,0,Travel_Rarely,1161,Research & Development,7,4,Technical Degree,2,Male,88,2,1,Laboratory Technician,4,Single,5720,17402,3,No,17,3,4,1,4,2,3,4,2,2,2
55,1,Travel_Rarely,1269,Sales,7,3,Life Sciences,1,Male,41,3,2,Sales Executive,4,Divorced,9253,14210,8,Yes,23,4,3,0,9,5,2,7,2,0,7
29,1,Travel_Rarely,918,Research & Development,14,1,Medical,1,Male,83,3,4,Research Director,3,Single,15009,17866,7,No,20,4,4,1,10,2,2,2,1,1,1
46,1,Travel_Rarely,378,Human Resources,17,4,Medical,1,Female,88,4,1,Human Resources,3,Single,5487,10637,1,Yes,11,3,2,1,5,2,2,5,2,5,2
42,1,Travel_Rarely,1326,Research & Development,23,4,Other,1,Female,93,3,1,Research Scientist,4,Divorced,4995,21485,5,Yes,12,3,2,3,3,4,2,1,1,1,1
46,0,Travel_Frequently,122,Sales,16,4,Life Sciences,2,Female,38,1,3,Sales Executive,4,Married,12316,3781,2,Yes,13,3,3,1,9,2,3,1,1,0,0
38,0,Travel_Rarely,1435,Research & Development,28,3,Technical Degree,2,Female,75,1,3,Manufacturing Director,1,Married,11883,14842,5,No,18,3,4,0,9,3,3,9,5,1,9
25,0,Travel_Rarely,1381,Sales,10,2,Other,2,Female,87,2,2,Sales Executive,4,Married,8755,22003,5,No,18,3,3,1,5,2,3,1,0,1,0
20,0,Travel_Frequently,1213,Sales,16,3,Other,4,Male,37,2,4,Manager,4,Married,14466,23711,2,No,14,3,3,0,8,6,3,4,3,1,0
41,0,Travel_Rarely,943,Research & Development,2,3,Medical,4,Male,48,3,2,Healthcare Representative,4,Married,8852,26408,5,No,12,3,4,0,8,6,2,1,1,0,1
58,0,Travel_Frequently,339,Sales,10,2,Marketing,4,Male,56,3,5,Manager,4,Married,18522,13223,5,No,23,4,4,1,20,1,3,9,6,9,7
59,1,Travel_Rarely,879,Sales,27,3,Medical,1,Female,84,4,5,Manager,1,Single,19023,15723,6,No,24,4,2,2,17,2,2,10,1,1,10
22,0,Travel_Rarely,1197,Research & Development,16,2,Other,3,Male,39,2,4,Manager,4,Divorced,14575,9802,0,No,18,3,4,0,8,2,4,4,3,1,1
59,1,Travel_Rarely,1321,Research & Development,18,3,Other,2,Male,73,3,1,Research Scientist,3,Single,5338,9611,7,Yes,17,3,2,1,5,2,2,1,1,1,1
41,1,Travel_Rarely,253,Sales,29,4,Life Sciences,2,Female,31,3,1,Sales Representative,1,Single,5076,9903,0,Yes,19,3,3,1,2,3,3,1,0,1,0
50,1,Travel_Rarely,1229,Research & Development,10,3,Other,2,Male,94,3,5,Manager,2,Single,19056,13385,7,No,24,4,2,0,18,2,3,10,5,8,4
24,1,Travel_Frequently,1067,Research & Development,2,1,Life Sciences,1,Female,93,2,1,Laboratory Technician,3,Single,5016,21219,2,No,20,4,4,0,4,3,2,2,0,1,2
23,0,Travel_Rarely,313,Research & Development,6,3,Other,2,Female,49,2,2,Research Scientist,2,Married,8221,24278,0,Yes,17,3,2,0,5,5,3,5,3,1,0
33,1,Travel_Rarely,1201,Sales,5,4,Marketing,1,Female,85,3,2,Sales Executive,3,Single,8891,4105,2,Yes,12,3,4,0,4,3,2,2,2,0,1
31,0,Travel_Rarely,955,Sales,13,3,Marketing,1,Male,77,3,2,Sales Executive,3,Divorced,8445,21179,1,No,11,3,3,1,7,2,3,1,1,0,1
37,1,Travel_Rarely,621,Research & Development,6,2,Technical Degree,1,Male,79,3,1,Research Scientist,4,Married,5337,24286,2,No,12,3,1,0,5,3,2,1,0,1,1
32,1,Travel_Rarely,430,Research & Development,20,3,Technical Degree,2,Female,78,3,1,Laboratory Technician,3,Divorced,5169,24145,8,Yes,13,3,1,0,3,4,4,1,1,0,1
34,0,Travel_Rarely,639,Human Resources,19,4,Other,3,Male,51,3,1,Human Resources,3,Married,5694,16250,1,Yes,13,3,4,1,5,2,2,2,2,2,1
55,1,Travel_Frequently,310,Research & Development,8,4,Other,1,Female,86,3,2,Laboratory Technician,2,Married,9145,24107,4,No,11,3,4,0,10,3,1,4,0,0,2
50,1,Travel_Frequently,152,Research & Development,26,3,Technical Degree,4,Female,31,2,2,Laboratory Technician,4,Married,8340,22291,0,Yes,11,3,4,1,5,3,3,5,1,3,3
26,0,Non-Travel,1283,Research & Development,14,3,Technical Degree,2,Male,37,4,2,Research Scientist,4,Married,8234,9008,4,Yes,12,3,3,0,4,3,3,2,2,0,0
24,0,Travel_Frequently,182,Sales,24,1,Life Sciences,2,Male,95,2,4,Manager,4,Married,14751,13481,0,Yes,12,3,1,0,8,2,3,5,5,1,2
55,0,Travel_Rarely,674,Research & Development,9,3,Life Sciences,3,Female,97,3,5,Manager,4,Divorced,18168,13981,3,No,14,3,1,1,16,0,3,9,2,2,7
50,0,Travel_Rarely,120,Sales,16,3,Marketing,4,Female,35,4,4,Manager,3,Married,15934,11664,2,No,22,4,1,1,20,2,3,5,3,4,3
41,0,Travel_Rarely,1410,Sales,26,4,Medical,3,Female,36,4,5,Manager,4,Divorced,17921,10808,8,No,15,3,4,0,14,2,2,7,7,0,1
38,0,Travel_Rarely,1357,Sales,16,3,Marketing,4,Female,71,1,4,Manager,3,Single,14993,4291,6,No,23,4,2,0,10,3,3,10,0,7,6
28,0,Travel_Rarely,789,Research & Development,8,2,Technical Degree,3,Female,53,4,2,Manufacturing Director,3,Divorced,8460,6782,3,No,12,3,4,1,7,2,3,5,0,3,5
49,1,Travel_Rarely,1382,Sales,28,3,Life Sciences,1,Male,46,3,1,Sales Representative,3,Married,5122,15500,1,Yes,12,3,1,0,4,2,3,1,0,1,0
47,0,Travel_Rarely,310,Research & Development,10,2,Medical,3,Female,67,3,4,Manager,3,Divorced,15311,10820,4,No,15,3,1,1,13,2,3,2,2,1,2
57,1,Travel_Frequently,138,Research & Development,25,3,Life Sciences,4,Male,42,2,1,Research Scientist,2,Single,5441,8265,4,No,22,4,2,2,4,3,3,4,3,2,4
46,1,Non-Travel,949,Research & Development,14,5,Technical Degree,1,Male,52,4,2,Manufacturing Director,1,Married,9210,20174,1,Yes,19,3,4,1,9,4,2,3,1,0,0
20,0,Travel_Rarely,1058,Research & Development,25,4,Other,1,Male,82,3,4,Manager,1,Married,15210,23584,2,Yes,18,3,1,1,8,3,3,3,3,0,1
56,1,Travel_Rarely,111,Research & Development,6,4,Medical,1,Female,80,4,1,Laboratory Technician,4,Single,5427,21072,7,Yes,21,4,1,1,4,5,3,2,2,2,2
56,1,Travel_Rarely,1240,Research & Development,15,4,Other,4,Male,55,2,1,Research Scientist,1,Married,5348,7767,0,Yes,12,3,2,1,4,3,1,3,2,2,1
56,1,Travel_Rarely,498,Research & Development,12,3,Other,2,Male,55,3,2,Healthcare Representative,1,Married,8114,16466,5,Yes,17,3,4,1,4,2,2,4,1,2,4
58,1,Travel_Rarely,358,Research & Development,9,3,Life Sciences,2,Male,39,2,1,Laboratory Technician,3,Divorced,5340,3824,2,Yes,24,4,1,1,5,2,1,3,2,0,2
48,1,Travel_Rarely,308,Research & Development,20,4,Life Sciences,1,Female,91,4,1,Research Scientist,3,Single,4838,11047,2,Yes,18,3,4,0,3,3,3,1,1,0,1
22,1,Travel_Rarely,1203,Research & Development,14,1,Life Sciences,3,Male,35,2,1,Laboratory Technician,4,Single,5032,25983,0,No,21,4,4,1,2,1,2,2,0,1,2
34,0,Travel_Rarely,1301,Research & Development,17,3,Other,2,Male,50,3,1,Laboratory Technician,3,Divorced,5496,2111,4,No,21,4,1,1,3,3,3,2,0,0,1
52,0,Travel_Rarely,1098,Research & Development,15,3,Other,4,Female,65,4,4,Manager,1,Divorced,15234,18668,3,No,17,3,2,0,9,5,2,2,1,2,2
42,1,Travel_Rarely,285,Research & Development,15,5,Medical,2,Male,41,1,1,Laboratory Technician,1,Married,5769,5712,8,No,14,3,4,0,3,2,3,2,2,2,1
38,0,Travel_Frequently,141,Research & Development,16,3,Life Sciences,3,Male,32,4,1,Laboratory Technician,4,Married,5760,5854,5,No,25,4,1,1,4,3,3,1,1,0,1
26,0,Travel_Rarely,1488,Sales,20,3,Medical,3,Male,51,3,4,Manager,1,Divorced,15120,5911,7,No,25,4,2,1,8,2,3,6,6,4,3
23,0,Travel_Frequently,966,Research & Development,9,4,Life Sciences,4,Female,68,3,1,Laboratory Technician,4,Single,5627,21775,4,Yes,16,3,2,1,2,0,2,1,1,1,1
50,0,Travel_Rarely,1053,Research & Development,10,4,Technical Degree,3,Male,30,2,2,Research Scientist,3,Divorced,8656,22511,8,No,18,3,4,1,6,4,4,6,0,5,4
43,1,Travel_Rarely,893,Research & Development,13,1,Other,1,Female,80,4,1,Laboratory Technician,3,Single,5279,8563,8,No,14,3,4,0,4,6,4,4,3,4,3
33,0,Non-Travel,1359,Research & Development,23,2,Technical Degree,3,Male,55,3,2,Research Scientist,1,Divorced,9001,4596,8,Yes,15,3,4,0,8,3,2,5,2,0,5
28,1,Travel_Frequently,261,Research & Development,3,3,Technical Degree,1,Male,86,2,5,Research Director,1,Single,18281,23196,2,No,11,3,3,0,10,3,4,1,1,1,1
48,1,Travel_Rarely,1239,Sales,21,2,Life Sciences,4,Female,58,2,1,Sales Representative,1,Married,5165,10728,2,No,18,3,4,1,2,5,2,1,0,1,0
38,0,Travel_Rarely,378,Research & Development,7,2,Technical Degree,1,Female,72,3,4,Manager,4,Single,14664,19458,1,No,18,3,4,1,8,2,2,8,1,5,5
36,0,Travel_Rarely,900,Sales,2,2,Medical,4,Female,49,2,5,Manager,1,Married,18407,14219,8,No,24,4,3,0,18,3,3,13,8,0,3
36,0,Travel_Rarely,1043,Sales,2,2,Medical,2,Male,81,2,5,Manager,2,Married,18554,15575,6,Yes,17,3,2,3,18,3,4,4,2,3,2
40,0,Travel_Frequently,145,Sales,13,2,Other,2,Male,47,4,3,Sales Executive,1,Married,12832,15708,6,Yes,19,3,1,1,15,1,3,2,1,1,2
36,0,Travel_Frequently,316,Sales,25,5,Marketing,2,Female,95,4,4,Manager,4,Single,15256,17903,7,No,23,4,4,1,15,3,3,14,11,10,5
46,0,Travel_Rarely,439,Research & Development,26,3,Medical,4,Female,33,4,5,Research Director,4,Married,18688,5904,8,No,16,3,3,0,19,3,3,9,3,3,6
43,0,Travel_Rarely,303,Research & Development,11,4,Technical Degree,1,Female,50,1,2,Research Scientist,4,Single,8913,8218,4,No,22,4,3,0,6,5,3,3,3,3,1
37,0,Travel_Frequently,618,Human Resources,23,3,Human Resources,1,Female,42,2,2,Human Resources,4,Single,8907,14925,0,No,21,4,3,1,10,2,2,8,1,2,8
50,1,Travel_Rarely,1369,Sales,20,4,Life Sciences,2,Male,34,2,1,Sales Representative,3,Single,4767,7769,4,No,14,3,4,1,2,3,4,1,1,1,0
31,0,Travel_Rarely,1208,Human Resources,12,1,Medical,2,Male,49,3,2,Human Resources,1,Single,8768,26346,8,No,18,3,2,2,6,2,3,1,1,1,1
42,0,Travel_Rarely,1485,Research & Development,2,1,Life Sciences,4,Female,98,1,4,Research Director,4,Divorced,15288,12846,2,Yes,13,3,2,0,13,2,4,4,2,4,0
34,1,Travel_Frequently,1039,Research & Development,14,3,Life Sciences,4,Female,44,3,2,Research Scientist,4,Single,8896,24052,0,Yes,21,4,2,0,5,0,3,3,1,2,1
31,0,Travel_Rarely,1041,Sales,14,4,Life Sciences,1,Male,89,3,4,Manager,4,Married,15222,24880,3,No,14,3,4,1,9,2,2,3,2,1,1
45,0,Non-Travel,1163,Research & Development,3,5,Medical,4,Male,83,2,3,Manufacturing Director,3,Single,12144,19897,1,No,11,3,3,1,8,3,2,7,3,3,7
43,0,Travel_Rarely,690,Research & Development,9,3,Other,4,Female,89,2,4,Research Director,4,Married,14435,25843,1,No,24,4,4,3,8,2,2,4,1,4,1
20,0,Travel_Frequently,1206,Human Resources,10,3,Medical,4,Female,82,3,4,Manager,4,Married,15296,7783,3,Yes,18,3,2,0,8,3,3,7,7,1,2
29,0,Non-Travel,1258,Research & Development,2,4,Technical Degree,3,Female,36,4,2,Research Scientist,3,Single,8532,14398,5,No,17,3,1,0,5,4,3,1,1,0,0
47,0,Travel_Rarely,666,Research & Development,12,4,Medical,3,Male,30,3,1,Laboratory Technician,1,Married,5466,23383,2,No,25,4,3,0,4,2,2,4,0,1,2
56,0,Travel_Rarely,856,Research & Development,7,2,Life Sciences,2,Female,38,1,3,Manufacturing Director,4,Married,11504,11601,0,No,25,4,4,0,10,2,4,10,10,7,7
50,1,Travel_Rarely,1057,Research & Development,26,3,Technical Degree,1,Male,70,2,1,Laboratory Technician,1,Divorced,5244,23387,0,Yes,23,4,1,0,4,6,2,1,0,1,1
44,0,Travel_Rarely,714,Research & Development,10,4,Other,1,Female,50,3,2,Healthcare Representative,1,Divorced,9332,8124,8,No,24,4,4,1,10,3,3,1,0,1,0
49,0,Travel_Rarely,763,Research & Development,3,1,Technical Degree,4,Male,80,3,2,Healthcare Representative,1,Divorced,8470,22353,7,Yes,25,4,2,2,9,3,3,9,4,3,5
47,0,Non-Travel,530,Research & Development,11,3,Other,3,Female,73,4,2,Healthcare Representative,2,Single,8513,18225,7,Yes,21,4,4,0,6,3,3,3,3,3,0
23,1,Travel_Frequently,1443,Sales,16,2,Other,3,Female,48,2,1,Sales Representative,1,Divorced,4967,23119,6,No,17,3,4,0,4,5,3,1,1,1,1
42,0,Travel_Rarely,341,Research & Development,7,4,Medical,2,Female,40,4,2,Laboratory Technician,2,Married,8968,10338,4,Yes,16,3,4,0,5,3,4,1,1,0,1
50,0,Travel_Rarely,947,Research & Development,9,2,Medical,2,Female,91,1,2,Manufacturing Director,3,Single,9443,13123,4,No,13,3,1,1,10,3,3,8,4,4,2
58,0,Travel_Rarely,1242,Sales,1,3,Other,4,Male,94,2,3,Sales Executive,3,Married,11908,24842,1,Yes,12,3,4,1,12,3,3,12,7,0,4
38,0,Travel_Rarely,1119,Research & Development,4,3,Technical Degree,3,Female,40,2,5,Research Director,1,Divorced,19176,26343,5,No,18,3,4,1,20,2,3,13,4,8,7
29,1,Travel_Frequently,1312,Research & Development,5,4,Other,3,Male,79,4,2,Healthcare Representative,2,Married,9117,23087,3,No,21,4,1,1,7,2,1,5,1,3,1
34,0,Travel_Rarely,1060,Sales,3,2,Medical,2,Female,70,2,1,Sales Representative,1,Divorced,4945,5194,1,No,25,4,3,1,2,1,3,2,2,0,0
34,1,Travel_Rarely,1103,Sales,23,3,Life Sciences,4,Male,72,3,1,Sales Representative,2,Single,5197,25530,3,Yes,24,4,3,1,3,0,3,2,2,1,0
21,0,Non-Travel,1104,Research & Development,19,5,Technical Degree,1,Male,47,3,5,Manager,4,Single,18111,5755,2,No,25,4,3,2,10,6,3,7,3,0,5
49,0,Travel_Rarely,119,Research & Development,21,2,Life Sciences,3,Female,89,3,2,Healthcare Representative,1,Single,9183,20120,4,Yes,15,3,4,1,7,2,3,6,5,1,4
34,0,Travel_Rarely,1014,Research & Development,6,2,Technical Degree,3,Male,61,4,1,Laboratory Technician,2,Divorced,5483,12280,0,No,21,4,4,1,4,0,3,2,1,1,0
38,0,Travel_Frequently,147,Research & Development,19,2,Life Sciences,2,Male,89,3,2,Manufacturing Director,4,Married,8411,24560,1,No,18,3,4,0,8,3,3,7,1,1,1
23,0,Travel_Frequently,283,Research & Development,20,2,Life Sciences,1,Male,65,2,1,Laboratory Technician,4,Married,5359,18361,5,No,14,3,4,2,2,2,4,2,0,2,0
20,0,Travel_Rarely,1443,Research & Development,11,4,Medical,2,Male,55,3,4,Research Director,4,Married,14765,23663,4,Yes,22,4,3,0,8,2,3,4,4,0,4
52,1,Travel_Rarely,227,Sales,2,2,Medical,3,Female,67,3,1,Sales Representative,3,Divorced,5392,12680,7,Yes,15,3,3,0,2,4,2,1,0,0,1
54,0,Travel_Rarely,1057,Research & Development,7,4,Other,2,Female,74,3,4,Manager,4,Single,15798,19107,1,No,18,3,3,0,19,5,3,19,9,5,8
35,1,Travel_Rarely,615,Research & Development,27,3,Medical,2,Male,86,2,1,Research Scientist,1,Divorced,4768,15342,8,No,13,3,3,1,2,3,3,1,0,0,0
36,1,Travel_Rarely,1323,Research & Development,19,4,Other,3,Male,69,3,1,Laboratory Technician,4,Married,5149,9110,0,Yes,16,3,1,1,3,0,1,1,0,1,0
44,0,Travel_Frequently,1038,Research & Development,26,3,Technical Degree,3,Male,46,3,2,Healthcare Representative,4,Married,8937,3210,6,No,13,3,2,0,7,2,3,3,3,3,0
48,0,Travel_Rarely,874,Research & Development,15,3,Medical,1,Female,80,1,4,Manager,2,Married,14852,26437,5,No,11,3,3,1,9,2,3,2,1,0,0
22,1,Travel_Rarely,663,Research & Development,27,2,Other,2,Male,78,3,1,Research Scientist,3,Married,4906,15317,6,Yes,21,4,2,1,2,2,3,1,0,0,1
36,0,Travel_Rarely,807,Research & Development,4,2,Life Sciences,2,Female,44,2,2,Healthcare Representative,2,Single,8684,18562,0,No,18,3,3,1,6,2,2,6,1,2,2
50,0,Travel_Rarely,130,Research & Development,6,2,Life Sciences,4,Female,56,3,5,Manager,3,Married,18176,14269,7,No,21,4,2,1,14,5,2,10,2,10,7
45,0,Travel_Rarely,511,Human Resources,16,4,Medical,4,Male,79,3,1,Human Resources,3,Divorced,5210,21008,0,No,22,4,1,1,4,2,1,2,1,2,0
40,0,Travel_Frequently,1344,Sales,24,4,Life Sciences,3,Male,76,3,4,Manager,2,Divorced,15745,22396,2,No,16,3,3,1,16,3,2,14,9,2,10
42,0,Travel_Rarely,847,Research & Development,14,4,Technical Degree,3,Male,80,2,4,Manager,3,Single,15214,8452,8,No,12,3,4,1,17,2,3,8,5,8,8
32,0,Travel_Rarely,276,Research & Development,24,4,Other,3,Female,30,3,4,Manager,3,Single,15086,4920,2,No,16,3,4,3,11,4,1,2,2,2,1
40,1,Travel_Rarely,132,Human Resources,2,2,Life Sciences,1,Male,81,3,5,Manager,4,Single,18398,26832,5,No,12,3,1,0,18,2,3,15,3,11,2
55,0,Travel_Frequently,1186,Research & Development,26,4,Technical Degree,4,Female,49,3,2,Research Scientist,4,Divorced,8485,12431,2,Yes,15,3,4,3,9,3,2,5,0,0,5
58,1,Travel_Rarely,364,Sales,1,3,Medical,2,Male,93,3,1,Sales Representative,2,Single,5742,21997,0,Yes,18,3,2,1,4,2,2,4,4,3,1
20,1,Travel_Frequently,573,Research & Development,27,3,Medical,1,Female,50,3,1,Laboratory Technician,4,Married,4932,21089,3,No,25,4,2,1,2,3,2,2,1,2,0
47,1,Travel_Frequently,921,Research & Development,29,3,Life Sciences,4,Male,35,3,4,Research Director,4,Divorced,16291,19328,2,Yes,17,3,4,0,19,2,2,15,13,15,12
32,0,Travel_Rarely,605,Sales,29,3,Marketing,2,Male,32,2,5,Manager,2,Married,18248,6333,0,No,18,3,4,0,14,3,3,6,2,2,6
55,1,Travel_Rarely,679,Research & Development,2,4,Medical,3,Female,99,3,3,Healthcare Representative,1,Single,12257,9148,4,Yes,13,3,4,1,10,5,3,10,7,1,1
58,0,Travel_Rarely,1235,Research & Development,26,3,Technical Degree,4,Female,85,3,4,Manager,2,Married,15640,10039,3,No,17,3,1,1,17,2,1,10,5,7,5
45,1,Travel_Rarely,1300,Sales,29,4,Other,2,Male,32,3,1,Sales Representative,4,Married,5597,17579,4,No,16,3,3,2,5,6,2,1,0,1,1
30,1,Travel_Frequently,1391,Research & Development,3,4,Life Sciences,2,Male,39,3,2,Healthcare Representative,1,Divorced,8403,19413,8,No,12,3,2,2,6,3,3,4,2,4,3
38,0,Travel_Rarely,1268,Sales,9,3,Marketing,2,Female,58,3,4,Manager,4,Single,14896,23219,1,No,12,3,1,2,9,3,2,2,1,0,2
38,0,Travel_Rarely,1388,Research & Development,16,3,Life Sciences,3,Male,37,3,4,Manager,3,Married,15771,10301,1,No,13,3,2,0,19,2,2,15,11,6,5
23,0,Travel_Frequently,823,Research & Development,28,3,Technical Degree,4,Male,34,2,2,Manufacturing Director,3,Married,8345,22115,4,No,24,4,4,0,5,4,4,5,5,4,5
32,1,Travel_Rarely,1294,Research & Development,26,1,Life Sciences,3,Male,91,4,2,Manufacturing Director,2,Married,8120,23475,3,No,15,3,4,0,4,2,2,4,0,4,3
40,0,Travel_Rarely,1322,Research & Development,16,3,Medical,2,Male,48,3,4,Manager,4,Single,15600,22967,5,No,20,4,2,1,18,4,2,9,2,1,7
32,0,Travel_Frequently,882,Sales,9,4,Marketing,4,Male,49,3,2,Sales Executive,3,Married,9070,10964,4,Yes,17,3,2,1,9,3,2,2,0,2,2
46,0,Travel_Frequently,1428,Research & Development,16,4,Other,4,Female,93,3,5,Research Director,4,Single,19122,10481,1,No,12,3,2,1,17,3,1,15,8,0,6
36,0,Travel_Rarely,349,Research & Development,23,3,Other,3,Male,76,4,2,Healthcare Representative,4,Married,8732,11552,3,Yes,17,3,3,1,4,5,3,2,2,2,2
40,0,Non-Travel,1074,Research & Development,27,4,Life Sciences,4,Female,37,3,2,Healthcare Representative,4,Single,8913,2916,1,No,15,3,2,0,6,2,3,2,0,1,0
46,1,Travel_Rarely,771,Research & Development,25,4,Medical,2,Female,49,4,4,Manager,2,Married,15530,23383,1,Yes,13,3,3,1,14,0,3,12,11,6,10
33,0,Travel_Rarely,166,Research & Development,14,3,Medical,4,Male,77,3,2,Research Scientist,2,Divorced,8589,26384,2,No,22,4,3,1,5,2,2,2,2,1,2
38,0,Travel_Rarely,1183,Research & Development,9,1,Life Sciences,3,Female,68,3,2,Manufacturing Director,4,Single,8182,13985,1,No,14,3,4,1,4,5,3,4,2,3,1
40,0,Travel_Frequently,610,Research & Development,4,3,Technical Degree,2,Male,71,2,2,Research Scientist,4,Divorced,8703,6980,8,No,17,3,3,0,6,2,3,4,2,3,4
40,1,Non-Travel,1096,Sales,26,3,Life Sciences,3,Male,61,3,1,Sales Representative,4,Divorced,5010,23819,5,No,23,4,1,1,2,3,2,2,1,0,2
29,0,Travel_Rarely,791,Research & Development,18,2,Medical,2,Female,53,4,4,Research Director,2,Married,14957,20268,2,No,25,4,4,3,11,2,3,11,11,10,7
33,0,Non-Travel,348,Research & Development,12,4,Other,4,Female,92,1,2,Research Scientist,1,Single,8691,9584,5,Yes,25,4,1,1,8,5,3,3,1,2,0
21,1,Travel_Frequently,891,Research & Development,29,4,Other,1,Male,69,3,2,Manufacturing Director,1,Married,8499,8895,7,No,22,4,1,1,4,6,3,2,1,2,2
22,0,Travel_Rarely,1083,Research & Development,11,3,Other,3,Male,58,3,3,Healthcare Representative,3,Married,11684,3979,0,Yes,23,4,3,1,6,2,3,2,0,1,0
50,0,Travel_Rarely,942,Sales,2,2,Life Sciences,1,Female,63,3,3,Sales Executive,4,Married,11329,11874,8,No,17,3,4,2,7,3,4,4,1,1,3
42,1,Travel_Rarely,741,Research & Development,15,2,Other,3,Male,76,1,4,Research Director,4,Divorced,15174,16951,5,Yes,24,4,2,1,11,2,2,11,4,11,0
49,1,Travel_Rarely,913,Research & Development,18,1,Technical Degree,1,Male,80,4,1,Research Scientist,2,Married,5272,18546,8,No,11,3,1,0,2,3,3,2,1,1,1
23,0,Non-Travel,194,Research & Development,1,4,Other,3,Female,79,3,4,Manager,3,Single,14853,7885,0,No,22,4,4,0,8,4,2,8,1,2,5
58,1,Travel_Rarely,534,Sales,5,3,Medical,1,Female,46,3,2,Sales Executive,2,Single,8111,18673,0,Yes,13,3,3,0,4,6,3,3,2,1,0
37,1,Travel_Rarely,921,Research & Development,10,4,Life Sciences,4,Female,41,4,1,Research Scientist,1,Single,5167,16461,2,No,19,3,3,2,3,2,2,2,1,1,1
57,0,Travel_Rarely,826,Research & Development,28,2,Medical,1,Male,89,4,3,Manufacturing Director,4,Single,12042,9216,6,Yes,11,3,2,0,10,3,3,8,1,2,5
44,1,Travel_Rarely,1094,Sales,19,4,Medical,4,Male,63,2,3,Sales Executive,1,Married,12167,8973,0,Yes,14,3,4,0,15,2,4,9,4,6,8
48,0,Non-Travel,1131,Research & Development,27,3,Technical Degree,3,Male,34,3,2,Manufacturing Director,3,Married,8767,25913,2,No,16,3,3,1,6,2,2,2,2,1,2
28,0,Travel_Rarely,1379,Research & Development,2,4,Medical,1,Female,48,3,4,Manager,2,Divorced,15064,24951,7,No,12,3,2,1,9,2,2,5,4,4,3
54,1,Travel_Frequently,1226,Research & Development,22,1,Other,2,Male,69,2,4,Manager,3,Married,16205,5171,8,Yes,19,3,1,0,19,4,1,6,5,1,6
46,0,Non-Travel,731,Sales,18,3,Marketing,4,Female,52,4,3,Sales Executive,4,Married,11141,25641,8,No,18,3,4,1,6,3,3,6,0,2,4
29,1,Travel_Rarely,1084,Human Resources,2,4,Life Sciences,4,Female,36,3,2,Human Resources,2,Married,9301,15394,7,No,17,3,3,0,10,2,1,10,2,7,4
32,0,Travel_Frequently,1269,Research & Development,5,3,Medical,2,Male,50,2,2,Healthcare Representative,4,Married,8888,16316,6,No,25,4,3,1,5,3,2,1,1,0,1
28,0,Travel_Rarely,1180,Research & Development,5,3,Technical Degree,2,Female,30,3,2,Manufacturing Director,2,Married,8597,6453,2,No,19,3,3,2,4,2,1,2,2,0,0
53,1,Non-Travel,225,Research & Development,15,4,Medical,1,Male,46,3,1,Research Scientist,3,Married,5488,13063,4,Yes,12,3,3,1,2,4,2,1,0,0,1
38,1,Travel_Rarely,822,Research & Development,8,2,Technical Degree,4,Male,73,3,4,Research Director,1,Single,15583,10187,7,Yes,16,3,4,1,11,3,2,3,1,3,1
36,0,Travel_Rarely,493,Research & Development,14,4,Other,3,Female,72,4,5,Research Director,3,Married,18553,5730,5,Yes,24,4,4,0,13,2,3,12,9,2,3
40,1,Travel_Rarely,305,Research & Development,29,2,Medical,1,Male,46,2,5,Manager,3,Married,18377,16663,3,Yes,12,3,3,1,16,3,2,10,8,0,4
35,1,Travel_Rarely,1196,Research & Development,5,3,Medical,3,Male,44,3,4,Manager,3,Divorced,15277,21954,8,No,12,3,2,1,10,4,2,9,2,7,9
40,0,Travel_Rarely,615,Sales,16,2,Life Sciences,1,Male,72,3,2,Sales Executive,4,Married,8607,19637,6,No,19,3,4,0,8,2,4,1,1,0,1
26,0,Travel_Rarely,1263,Sales,26,3,Other,4,Male,97,1,4,Manager,3,Married,14645,15818,5,Yes,24,4,3,1,8,2,2,7,6,0,3
37,0,Travel_Rarely,1406,Human Resources,19,3,Human Resources,4,Female,50,3,5,Manager,3,Married,18329,10104,0,Yes,25,4,4,0,16,2,4,9,2,2,1
28,0,Travel_Rarely,342,Human Resources,15,4,Other,4,Male,69,2,4,Manager,1,Married,15215,22299,8,No,14,3,3,1,10,3,3,9,9,2,9
44,0,Travel_Rarely,1238,Research & Development,27,3,Medical,3,Female,68,1,2,Manufacturing Director,2,Married,9176,8144,7,No,19,3,4,0,7,3,3,7,5,2,6
43,1,Travel_Rarely,594,Research & Development,7,3,Life Sciences,1,Female,42,1,2,Research Scientist,2,Single,8941,4988,5,Yes,18,3,3,0,8,4,3,3,2,1,0
52,1,Travel_Rarely,1090,Sales,20,4,Marketing,4,Male,30,1,2,Sales Executive,2,Married,8874,23966,7,Yes,13,3,4,0,10,6,4,3,1,1,0
52,0,Travel_Rarely,303,Research & Development,1,3,Technical Degree,3,Male,87,3,2,Laboratory Technician,3,Single,9279,26402,2,No,25,4,4,3,10,4,3,6,2,2,0
55,0,Travel_Rarely,1256,Sales,5,4,Marketing,4,Male,71,3,5,Manager,4,Married,18062,10535,2,No,19,3,4,1,13,5,3,5,0,5,0
49,0,Non-Travel,188,Research & Development,25,1,Other,1,Male,68,3,4,Manager,4,Divorced,15107,24555,4,No,24,4,2,0,8,2,3,2,1,1,2
31,0,Travel_Rarely,723,Research & Development,5,5,Technical Degree,1,Male,95,4,4,Research Director,3,Single,15388,17029,5,Yes,17,3,3,1,13,0,1,12,11,12,2
49,1,Travel_Rarely,126,Research & Development,19,3,Other,1,Male,52,3,2,Manufacturing Director,2,Married,9209,14078,0,No,25,4,3,0,10,3,3,3,1,2,3
24,0,Travel_Rarely,1285,Research & Development,29,5,Medical,4,Female,74,4,5,Manager,3,Divorced,18270,26881,5,Yes,12,3,4,1,10,6,1,3,3,1,3
51,1,Travel_Rarely,583,Sales,9,1,Life Sciences,4,Male,77,2,2,Sales Executive,2,Single,8769,6719,8,No,17,3,4,1,6,2,3,3,0,0,0
20,0,Travel_Rarely,1288,Research & Development,11,3,Life Sciences,4,Male,40,2,1,Research Scientist,1,Divorced,5329,10235,3,No,16,3,2,0,2,3,3,1,1,0,1
22,0,Travel_Frequently,747,Research & Development,1,3,Technical Degree,3,Male,53,2,5,Manager,3,Married,18081,23058,3,Yes,14,3,2,1,10,5,4,6,1,2,4
28,1,Travel_Rarely,799,Sales,25,3,Life Sciences,4,Male,97,3,1,Sales Representative,3,Married,5677,18110,8,No,22,4,2,0,3,2,2,3,2,0,3
51,1,Travel_Rarely,1016,Research & Development,21,4,Medical,2,Male,94,4,3,Manufacturing Director,1,Single,12242,8236,7,No,18,3,3,0,13,6,1,10,6,10,2
39,0,Travel_Rarely,1438,Sales,23,3,Medical,3,Male,69,1,2,Sales Executive,3,Married,8689,26752,1,Yes,19,3,4,1,10,4,2,10,7,2,2
42,0,Travel_Frequently,1273,Research & Development,28,3,Medical,3,Male,93,3,4,Research Director,4,Single,15412,21446,4,No,22,4,3,0,12,3,3,7,1,4,7
35,0,Travel_Rarely,563,Research & Development,13,3,Technical Degree,3,Female,74,2,2,Healthcare Representative,2,Divorced,8881,22793,0,No,25,4,4,0,5,3,3,4,3,3,4
58,0,Travel_Rarely,657,Research & Development,23,3,Medical,4,Female,43,4,3,Manufacturing Director,2,Single,11605,22581,3,No,24,4,4,0,8,5,2,7,6,4,7
39,0,Non-Travel,913,Research & Development,29,3,Other,4,Male,54,3,1,Laboratory Technician,1,Married,4879,5094,4,No,12,3,4,0,2,3,3,2,1,1,0
53,1,Non-Travel,1281,Research & Development,23,2,Life Sciences,1,Female,85,3,4,Research Director,2,Married,15436,5664,7,Yes,18,3,3,1,18,3,4,8,4,6,2
25,0,Travel_Rarely,1169,Research & Development,22,3,Other,2,Female,57,4,4,Research Director,3,Married,15028,10062,6,No,11,3,3,1,8,3,3,7,4,5,0
37,0,Travel_Rarely,1210,Human Resources,13,3,Human Resources,1,Male,60,4,2,Human Resources,3,Single,8541,19528,6,No,15,3,2,0,6,4,3,4,4,2,0
47,0,Travel_Rarely,920,Research & Development,20,1,Life Sciences,1,Male,83,1,4,Research Director,4,Divorced,14927,18944,8,No,14,3,2,0,9,2,4,3,3,3,3
45,0,Travel_Rarely,115,Sales,4,4,Marketing,3,Female,96,3,2,Sales Executive,4,Married,8776,24266,0,Yes,21,4,1,1,4,2,2,4,3,4,1
40,0,Travel_Rarely,1405,Research & Development,17,2,Technical Degree,3,Female,57,2,5,Manager,3,Married,18120,17354,6,No,17,3,4,0,16,3,1,14,2,6,11
39,1,Travel_Rarely,457,Research & Development,4,3,Medical,3,Female,41,4,2,Laboratory Technician,3,Married,7992,13067,1,Yes,22,4,1,0,4,2,4,2,0,0,2
59,1,Travel_Rarely,619,Research & Development,26,3,Other,4,Male,97,3,1,Laboratory Technician,2,Single,5504,2276,5,Yes,23,4,1,2,2,5,3,1,0,1,1
49,0,Travel_Rarely,263,Research & Development,3,4,Medical,4,Male,97,3,2,Manufacturing Director,2,Divorced,8597,23524,4,No,25,4,4,1,4,2,3,4,3,0,0
50,1,Travel_Rarely,1477,Sales,28,3,Other,1,Male,42,3,1,Sales Representative,4,Married,5729,11963,7,No,15,3,3,0,5,2,3,1,0,0,0
42,1,Travel_Frequently,1023,Research & Development,11,4,Technical Degree,3,Male,51,4,4,Manager,4,Married,15310,21436,5,Yes,23,4,3,0,13,5,2,5,2,5,2
42,1,Travel_Rarely,535,Research & Development,19,5,Technical Degree,2,Male,69,1,2,Manufacturing Director,1,Married,8877,23184,0,Yes,25,4,4,2,4,2,3,1,1,0,1
29,1,Travel_Frequently,474,Research & Development,27,2,Life Sciences,1,Female,35,1,2,Research Scientist,4,Single,8577,21299,4,No,13,3,4,0,5,3,2,5,2,5,2
54,0,Travel_Rarely,655,Research & Development,1,1,Other,2,Male,84,3,2,Laboratory Technician,1,Married,8208,21081,3,No,24,4,4,1,4,2,3,1,0,0,0
37,0,Travel_Rarely,1007,Research & Development,20,2,Life Sciences,3,Female,34,2,4,Research Director,3,Married,14831,18959,7,Yes,17,3,3,1,13,0,3,6,1,5,4
58,1,Travel_Rarely,432,Research & Development,23,3,Medical,1,Female,39,3,2,Manufacturing Director,4,Single,8412,16538,4,Yes,14,3,4,0,7,2,1,6,4,4,1
50,0,Travel_Rarely,1214,Research & Development,8,4,Medical,4,Male,37,3,1,Laboratory Technician,3,Divorced,5103,5255,0,Yes,11,3,3,2,3,3,3,3,1,1,0
37,0,Travel_Rarely,694,Research & Development,9,3,Medical,2,Male,79,3,4,Research Director,2,Married,15723,23784,2,No,16,3,2,0,19,2,3,16,1,12,2
23,0,Travel_Rarely,1400,Sales,15,3,Other,3,Female,59,2,4,Manager,2,Married,14682,17626,0,Yes,16,3,3,1,8,4,2,7,4,1,6
22,1,Non-Travel,1265,Sales,11,2,Other,3,Female,93,3,2,Sales Executive,4,Single,8464,2975,0,Yes,18,3,4,0,4,2,2,3,3,3,2
29,0,Travel_Frequently,1193,Research & Development,28,2,Other,4,Female,45,1,4,Research Director,3,Divorced,14832,20500,2,Yes,15,3,3,0,11,6,3,3,3,3,3
52,0,Travel_Rarely,493,Human Resources,15,2,Medical,2,Male,92,3,5,Manager,2,Divorced,19495,14056,4,No,22,4,3,1,24,2,4,18,8,2,3
47,1,Travel_Frequently,545,Sales,24,3,Life Sciences,3,Male,30,3,1,Sales Representative,2,Divorced,5856,2829,0,Yes,17,3,4,1,4,6,4,1,0,0,0
40,1,Travel_Rarely,1348,Sales,5,3,Medical,2,Female,45,4,2,Sales Executive,3,Single,8456,5490,1,Yes,25,4,2,0,8,3,3,4,4,1,1
23,1,Travel_Rarely,940,Sales,4,3,Marketing,2,Male,35,4,4,Manager,4,Married,14642,2193,0,No,16,3,1,0,8,3,3,7,6,1,0
43,1,Travel_Rarely,977,Research & Development,14,5,Technical Degree,1,Female,52,2,2,Healthcare Representative,4,Married,8456,20423,6,Yes,14,3,3,1,9,2,3,8,5,5,0
27,1,Travel_Rarely,1075,Sales,3,3,Life Sciences,3,Female,38,3,3,Sales Executive,1,Single,12188,15002,0,Yes,16,3,3,0,8,3,3,4,3,2,0
31,0,Travel_Rarely,739,Research & Development,15,2,Life Sciences,2,Male,67,3,4,Research Director,4,Divorced,15306,20458,6,No,16,3,3,2,9,3,2,7,6,3,0
40,0,Non-Travel,1428,Research & Development,10,3,Other,2,Male,96,3,4,Manager,2,Married,15992,14517,1,No,17,3,4,0,19,1,4,12,7,3,3
27,0,Travel_Rarely,964,Research & Development,14,3,Other,3,Female,35,3,2,Manufacturing Director,2,Divorced,8885,13686,7,No,25,4,3,3,5,2,2,3,3,3,1
50,0,Travel_Frequently,624,Sales,23,3,Other,3,Male,70,4,2,Sales Executive,4,Single,8314,2561,5,No,18,3,3,1,5,2,1,1,1,0,1
21,1,Travel_Rarely,1169,Research & Development,9,3,Other,4,Male,39,3,2,Research Scientist,3,Married,7966,4416,8,No,23,4,1,0,4,3,2,3,2,0,2
42,0,Travel_Frequently,213,Research & Development,11,4,Medical,3,Male,92,2,2,Research Scientist,4,Married,8511,4446,0,No,13,3,2,0,6,6,4,5,1,5,2
26,1,Travel_Frequently,425,Sales,7,3,Other,3,Male,84,3,3,Sales Executive,2,Single,11485,11696,1,Yes,13,3,1,0,8,5,3,1,1,1,0
31,1,Travel_Rarely,443,Research & Development,2,4,Other,2,Female,94,2,1,Research Scientist,2,Divorced,4861,16599,2,No,13,3,3,0,2,3,2,2,2,2,0
46,0,Travel_Frequently,1373,Research & Development,1,2,Medical,2,Male,80,2,2,Research Scientist,1,Married,8838,7257,8,No,13,3,3,2,8,3,3,1,1,0,1
27,0,Travel_Rarely,1271,Sales,18,3,Marketing,4,Female,42,4,4,Manager,3,Married,14511,19098,4,No,20,4,3,2,9,4,3,4,1,1,2
23,0,Non-Travel,1071,Research & Development,6,2,Technical Degree,3,Female,54,4,4,Research Director,1,Married,14864,26418,1,No,11,3,3,1,8,2,2,7,2,6,0
37,0,Travel_Rarely,948,Research & Development,1,1,Life Sciences,3,Female,38,3,1,Research Scientist,3,Divorced,5365,26584,3,No,15,3,4,1,3,4,3,3,2,1,2
44,1,Travel_Rarely,1178,Research & Development,6,4,Life Sciences,4,Male,50,4,1,Laboratory Technician,1,Single,4953,5514,7,Yes,13,3,2,0,4,2,4,2,1,1,2
37,0,Travel_Rarely,716,Research & Development,9,1,Medical,4,Male,76,3,1,Research Scientist,3,Married,5240,20640,2,Yes,13,3,1,1,3,2,3,2,2,1,1
45,0,Travel_Rarely,455,Research & Development,13,4,Other,2,Male,37,3,5,Manager,3,Married,19455,23058,7,No,13,3,4,0,23,5,4,21,8,19,2
44,0,Travel_Rarely,455,Sales,17,1,Medical,1,Female,77,2,4,Manager,3,Married,15030,14102,7,No,16,3,3,0,14,5,3,10,9,0,8
35,1,Travel_Rarely,404,Sales,24,3,Medical,2,Male,49,4,1,Sales Representative,3,Married,5070,11500,1,Yes,11,3,2,2,2,2,4,2,0,2,2
53,0,Travel_Rarely,698,Research & Development,18,3,Other,3,Female,34,4,3,Healthcare Representative,4,Divorced,12443,24251,1,Yes,21,4,4,1,15,4,3,3,3,1,0
24,1,Travel_Rarely,737,Research & Development,5,4,Other,3,Female,39,2,4,Research Director,3,Single,15198,5008,6,Yes,11,3,4,0,8,3,1,7,3,7,4
52,1,Travel_Rarely,1385,Sales,24,5,Marketing,2,Female,43,4,4,Manager,2,Single,14823,25237,6,No,24,4,3,0,11,3,3,6,3,3,1
45,1,Travel_Rarely,338,Research & Development,19,3,Other,2,Female,34,2,1,Laboratory Technician,4,Married,5453,24068,2,No,18,3,2,1,3,2,3,1,0,0,0
28,1,Travel_Rarely,1499,Research & Development,29,4,Medical,1,Male,90,2,2,Laboratory Technician,2,Married,8802,19763,5,Yes,11,3,4,0,4,3,3,3,1,3,2
55,1,Travel_Frequently,115,Research & Development,25,3,Technical Degree,1,Male,50,2,4,Research Director,4,Single,16094,26908,1,Yes,13,3,1,2,16,2,3,5,3,0,0
57,0,Non-Travel,314,Research & Development,12,3,Medical,2,Female,31,2,4,Manager,4,Divorced,15827,14122,4,Yes,21,4,4,1,19,2,3,13,1,9,1
45,0,Travel_Rarely,705,Sales,6,3,Other,4,Female,71,3,2,Sales Executive,2,Divorced,8740,4473,2,No,17,3,4,0,9,3,3,7,5,4,5
56,1,Non-Travel,1200,Sales,21,2,Medical,1,Male,68,3,2,Sales Executive,2,Married,8800,21009,8,No,20,4,4,1,10,3,3,6,5,0,0
22,0,Travel_Frequently,970,Research & Development,15,1,Technical Degree,3,Female,37,4,4,Manager,4,Single,14388,22110,3,No,21,4,4,2,8,3,4,4,1,2,0
55,0,Non-Travel,793,Human Resources,21,3,Life Sciences,4,Male,57,3,4,Manager,1,Divorced,15862,24219,1,No,12,3,2,0,17,3,2,9,8,1,2
56,0,Non-Travel,1271,Research & Development,10,2,Other,4,Male,32,4,3,Manufacturing Director,2,Married,11994,2102,2,No,22,4,1,0,7,3,3,4,1,2,1
20,0,Non-Travel,838,Sales,4,3,Life Sciences,1,Male,81,3,5,Manager,3,Divorced,17569,25735,8,Yes,25,4,3,1,10,3,3,7,0,7,7
20,0,Travel_Frequently,675,Sales,14,2,Medical,3,Female,59,2,1,Sales Representative,1,Divorced,5365,25304,7,Yes,19,3,3,0,2,2,4,1,0,1,0
37,0,Travel_Rarely,483,Research & Development,6,3,Life Sciences,4,Male,50,3,1,Laboratory Technician,3,Married,5867,20708,5,No,18,3,2,0,4,4,2,1,0,1,0
28,0,Travel_Frequently,1124,Research & Development,12,4,Other,4,Male,94,3,3,Healthcare Representative,2,Single,12480,19325,1,No,21,4,1,1,10,3,3,9,4,8,3
21,1,Travel_Frequently,1332,Research & Development,20,3,Other,3,Female,53,3,4,Manager,2,Single,15180,17701,4,Yes,23,4,4,1,8,5,2,4,3,0,4
38,0,Travel_Rarely,1138,Research & Development,20,4,Medical,3,Female,46,2,2,Manufacturing Director,4,Divorced,8905,23042,7,No,23,4,3,3,10,2,3,9,0,4,4
41,0,Non-Travel,733,Research & Development,8,1,Life Sciences,4,Male,35,3,1,Research Scientist,4,Married,5273,13041,2,No,18,3,4,1,3,3,3,3,1,3,0
57,0,Travel_Rarely,210,Sales,15,4,Other,4,Male,66,3,1,Sales Representative,1,Divorced,5625,4911,5,No,22,4,3,0,3,2,4,3,3,2,0
23,0,Travel_Rarely,193,Research & Development,20,1,Other,1,Male,55,4,2,Manufacturing Director,2,Married,8473,15746,2,No,19,3,1,0,4,2,3,3,2,3,3
55,0,Travel_Rarely,679,Sales,11,1,Other,4,Male,92,4,5,Manager,1,Divorced,19027,19981,0,No,12,3,3,1,18,3,3,4,1,4,2
29,1,Travel_Frequently,1349,Research & Development,12,4,Life Sciences,3,Female,83,2,1,Laboratory Technician,1,Single,4902,25586,1,No,14,3,4,0,2,0,3,1,1,1,0
45,0,Travel_Rarely,1081,Sales,2,4,Life Sciences,1,Male,82,3,2,Sales Executive,3,Single,8742,7408,5,No,23,4,3,0,7,2,3,3,3,2,0
49,0,Travel_Rarely,1150,Human Resources,28,3,Medical,4,Female,65,3,4,Manager,2,Married,15500,18383,1,No,19,3,2,0,20,3,3,18,10,12,0
44,0,Travel_Rarely,301,Research & Development,11,4,Medical,3,Male,82,3,1,Laboratory Technician,4,Married,5395,16455,4,No,22,4,3,0,3,5,3,2,1,2,1
25,0,Travel_Rarely,1394,Research & Development,5,1,Other,4,Female,77,3,2,Manufacturing Director,4,Married,8968,9550,6,No,24,4,2,0,6,2,3,5,3,5,3
49,0,Travel_Rarely,1451,Sales,15,3,Life Sciences,2,Male,68,3,1,Sales Representative,1,Divorced,5340,11849,3,No,19,3,3,0,5,2,3,3,1,1,3
48,0,Travel_Rarely,1350,Sales,6,3,Marketing,3,Male,68,2,2,Sales Executive,2,Married,8883,6558,1,No,25,4,3,1,10,3,3,1,1,1,1
20,0,Travel_Rarely,946,Research & Development,12,3,Life Sciences,4,Female,68,4,5,Research Director,4,Married,18094,5625,6,No,19,3,1,0,10,2,3,1,0,1,1
39,0,Non-Travel,955,Research & Development,25,2,Medical,3,Male,72,4,4,Research Director,4,Married,15641,9655,5,Yes,16,3,1,0,19,6,3,2,2,0,2
51,0,Travel_Rarely,948,Sales,5,4,Life Sciences,1,Male,82,3,3,Sales Executive,3,Single,12090,18490,8,No,22,4,3,2,6,4,3,2,2,1,2
47,0,Travel_Rarely,454,Sales,6,3,Marketing,4,Female,99,2,4,Manager,3,Married,15703,22857,0,No,22,4,3,0,14,2,4,8,5,7,0
51,0,Travel_Rarely,1077,Research & Development,8,3,Life Sciences,1,Male,33,3,2,Healthcare Representative,4,Divorced,9360,9477,3,No,25,4,2,1,9,3,3,3,0,2,3
47,0,Travel_Frequently,326,Sales,5,2,Marketing,4,Male,92,4,1,Sales Representative,3,Divorced,5227,2170,3,No,13,3,3,1,5,2,3,2,2,1,0
43,0,Travel_Rarely,980,Research & Development,17,4,Medical,4,Female,90,3,3,Manufacturing Director,4,Married,12251,12058,3,No,21,4,3,1,13,3,4,7,0,3,2
36,1,Travel_Rarely,1349,Sales,2,4,Other,2,Male,45,2,1,Sales Representative,2,Divorced,5093,19767,5,No,24,4,3,0,2,3,3,2,2,0,1
53,1,Travel_Rarely,1175,Sales,16,4,Marketing,2,Female,42,2,5,Manager,3,Single,18932,16633,5,Yes,25,4,4,2,23,3,2,2,1,0,0
42,0,Travel_Rarely,1355,Sales,12,4,Other,4,Female,85,3,4,Manager,2,Single,16433,2749,8,No,15,3,2,1,20,3,3,8,4,1,2
37,0,Travel_Frequently,351,Research & Development,3,1,Medical,4,Female,75,4,2,Laboratory Technician,1,Married,8045,13333,6,No,25,4,1,0,4,2,3,3,2,2,0
36,0,Travel_Rarely,1321,Human Resources,29,2,Other,2,Male,88,1,1,Human Resources,2,Divorced,5647,8771,0,No,23,4,3,0,5,4,3,4,3,0,4
31,1,Travel_Rarely,610,Research & Development,22,1,Technical Degree,4,Male,33,3,1,Research Scientist,4,Single,5674,22008,3,No,19,3,3,2,3,3,1,3,3,1,2
28,1,Travel_Rarely,1268,Sales,23,4,Marketing,1,Female,60,4,1,Sales Representative,3,Divorced,5792,2393,6,No,16,3,4,1,3,2,2,1,0,1,0
49,0,Travel_Rarely,723,Research & Development,23,2,Other,3,Female,98,3,1,Research Scientist,3,Single,4948,15627,3,No,12,3,4,1,4,3,3,4,0,3,2
26,0,Travel_Frequently,1250,Research & Development,11,3,Technical Degree,3,Male,50,3,4,Research Director,4,Single,15038,9159,5,No,17,3,1,1,8,3,3,2,1,0,0
51,0,Travel_Rarely,1324,Sales,16,2,Other,3,Male,65,3,4,Manager,4,Married,15933,20773,3,No,25,4,3,0,15,3,3,11,9,2,10
28,0,Travel_Rarely,1359,Research & Development,2,4,Medical,1,Female,64,3,3,Manufacturing Director,3,Married,11962,21494,1,Yes,16,3,4,3,10,5,3,10,6,3,4
49,0,Travel_Rarely,1244,Sales,28,2,Medical,4,Male,82,3,5,Manager,2,Single,18685,15979,3,No,12,3,4,0,20,2,3,9,6,2,9
53,0,Non-Travel,1048,Research & Development,12,3,Technical Degree,4,Female,63,2,4,Research Director,2,Single,14629,19576,3,Yes,20,4,3,1,8,3,3,6,6,6,3
22,1,Travel_Rarely,733,Research & Development,24,4,Technical Degree,2,Male,36,3,2,Healthcare Representative,4,Divorced,8451,23643,4,Yes,24,4,1,0,4,2,2,1,0,1,0
41,0,Travel_Rarely,416,Research & Development,22,2,Other,4,Female,42,1,2,Manufacturing Director,3,Divorced,9184,21689,8,No,18,3,3,1,7,3,4,2,0,1,1
29,0,Travel_Rarely,403,Sales,2,1,Other,1,Male,91,3,5,Manager,4,Divorced,18057,6435,8,No,23,4,4,3,11,3,3,4,4,3,0
47,0,Travel_Rarely,625,Sales,25,4,Medical,4,Female,71,2,3,Sales Executive,2,Married,12009,16130,2,No,18,3,1,0,9,2,3,7,3,5,2
28,0,Non-Travel,1117,Sales,8,3,Life Sciences,1,Male,90,3,2,Sales Executive,3,Single,8861,25076,0,Yes,16,3,3,1,7,3,2,4,4,0,4
59,1,Non-Travel,1333,Research & Development,22,3,Other,2,Male,59,3,2,Healthcare Representative,4,Single,8346,19821,4,Yes,19,3,2,1,7,2,2,7,5,6,0
57,1,Travel_Rarely,747,Human Resources,6,3,Human Resources,3,Male,86,3,1,Human Resources,3,Married,5870,15813,5,Yes,12,3,3,2,4,0,3,2,1,2,1
43,1,Travel_Rarely,1091,Research & Development,14,3,Technical Degree,1,Male,87,3,1,Research Scientist,3,Single,5031,5328,4,No,23,4,4,1,4,2,3,2,2,0,1
26,1,Travel_Rarely,1140,Sales,23,1,Medical,3,Male,44,4,4,Manager,3,Divorced,14406,25538,7,Yes,13,3,4,1,8,2,2,7,6,1,4
55,0,Travel_Rarely,486,Sales,10,4,Life Sciences,2,Male,70,3,1,Sales Representative,3,Married,5354,8919,5,Yes,20,4,4,1,3,4,2,2,1,1,2
20,0,Travel_Rarely,876,Sales,22,3,Medical,3,Female,35,3,1,Sales Representative,4,Divorced,4997,6599,6,Yes,19,3,3,0,2,2,3,1,1,1,0
39,0,Travel_Rarely,558,Research & Development,10,2,Other,3,Male,67,2,3,Manufacturing Director,3,Married,12069,11824,2,No,16,3,2,1,6,3,1,2,0,0,2
31,0,Travel_Rarely,634,Research & Development,3,2,Life Sciences,1,Female,45,3,3,Healthcare Representative,1,Married,11599,21300,7,No,18,3,4,1,6,2,3,1,1,0,1
56,0,Travel_Rarely,456,Research & Development,17,3,Life Sciences,3,Male,77,3,2,Laboratory Technician,3,Married,8889,14298,2,No,11,3,3,0,10,0,3,4,1,4,3
52,0,Travel_Rarely,1087,Sales,2,4,Marketing,2,Female,99,3,1,Sales Representative,4,Divorced,5723,23545,5,No,12,3,1,0,3,2,3,2,0,0,1
39,1,Travel_Rarely,700,Sales,4,4,Other,3,Female,55,4,5,Manager,2,Married,19198,17723,8,Yes,18,3,3,0,18,2,2,18,1,18,9
46,0,Travel_Frequently,546,Research & Development,28,4,Medical,1,Male,75,2,2,Healthcare Representative,4,Married,8709,15530,2,No,21,4,2,2,4,2,1,1,1,0,1
51,0,Travel_Rarely,1464,Research & Development,9,3,Technical Degree,2,Female,54,3,4,Manager,3,Married,15796,4143,6,No,15,3,3,1,14,1,3,13,3,0,7
28,0,Non-Travel,498,Research & Development,15,2,Technical Degree,1,Female,63,2,2,Healthcare Representative,4,Married,8514,19696,4,No,19,3,3,1,5,2,2,5,5,3,4
52,0,Non-Travel,1135,Sales,15,3,Other,3,Male,37,3,1,Sales Representative,3,Single,5241,26655,6,Yes,19,3,4,1,3,2,2,2,1,1,0
48,0,Travel_Rarely,948,Research & Development,17,2,Other,2,Female,91,3,5,Research Director,1,Divorced,19854,9663,8,No,14,3,2,1,24,5,3,17,10,1,17
52,0,Travel_Rarely,248,Human Resources,13,3,Human Resources,3,Male,95,1,2,Human Resources,2,Married,9293,11895,4,No,18,3,2,0,10,3,3,6,1,6,4
35,0,Travel_Rarely,178,Research & Development,9,4,Medical,3,Male,45,4,4,Research Director,4,Married,15421,8356,1,No,25,4,1,0,17,2,3,12,1,9,9
26,1,Travel_Rarely,1220,Research & Development,9,3,Life Sciences,4,Female,92,1,3,Manufacturing Director,2,Single,11631,23515,1,Yes,21,4,4,1,8,2,3,1,1,0,0
59,1,Travel_Frequently,937,Sales,27,4,Marketing,1,Male,66,1,2,Sales Executive,3,Married,8376,18820,4,Yes,17,3,4,0,4,2,4,4,3,3,1
21,1,Travel_Rarely,1404,Research & Development,13,3,Medical,1,Female,43,1,3,Healthcare Representative,4,Single,11989,18805,0,No,16,3,1,0,6,2,1,1,1,1,1
29,1,Travel_Frequently,1382,Research & Development,17,3,Technical Degree,3,Female,87,3,4,Manager,1,Single,14628,4122,1,No,23,4,4,1,11,3,3,5,5,2,2
37,1,Travel_Rarely,555,Human Resources,16,2,Other,4,Female,32,3,5,Manager,1,Married,17930,21837,5,Yes,15,3,3,1,14,4,2,8,7,8,3
34,0,Travel_Rarely,1176,Human Resources,5,3,Human Resources,2,Female,76,3,2,Human Resources,4,Married,8574,24176,7,Yes,13,3,2,1,10,3,2,7,4,3,5
42,0,Travel_Rarely,1388,Research & Development,14,1,Other,4,Female,51,4,4,Manager,4,Married,15544,17148,6,No,19,3,4,0,19,0,2,5,4,5,5
32,0,Non-Travel,1246,Sales,14,4,Other,4,Male,30,3,1,Sales Representative,2,Single,5635,21248,4,No,20,4,1,1,4,6,4,4,0,2,1
31,0,Travel_Frequently,669,Research & Development,4,4,Other,4,Male,62,1,3,Manufacturing Director,3,Married,12095,20409,1,Yes,24,4,3,3,13,4,2,2,1,2,1
43,1,Travel_Rarely,1247,Human Resources,25,2,Human Resources,4,Male,69,2,2,Human Resources,3,Single,8746,8681,4,No,24,4,3,0,9,2,2,4,0,1,3
41,1,Travel_Frequently,561,Research & Development,29,1,Other,1,Female,51,3,4,Research Director,3,Single,15437,8323,7,No,12,3,4,3,17,5,3,7,1,4,3
46,1,Travel_Rarely,1243,Research & Development,5,3,Technical Degree,2,Male,83,3,2,Manufacturing Director,1,Single,8537,12078,4,No,25,4,1,1,8,3,1,1,1,0,0
35,0,Travel_Rarely,760,Research & Development,24,3,Technical Degree,4,Female,42,3,3,Healthcare Representative,4,Married,11973,21637,7,No,19,3,2,0,8,2,3,6,3,3,4
24,1,Travel_Rarely,749,Research & Development,18,4,Life Sciences,2,Male,37,4,5,Research Director,1,Single,17500,23865,6,No,23,4,4,0,10,3,3,9,0,6,1
27,1,Travel_Frequently,156,Research & Development,29,2,Other,1,Male,52,3,2,Research Scientist,4,Divorced,8299,5827,3,No,22,4,4,0,4,2,3,2,1,0,0
45,0,Travel_Rarely,1173,Research & Development,9,3,Other,3,Male,53,2,3,Healthcare Representative,1,Married,12499,24487,0,Yes,12,3,3,1,10,2,1,7,6,7,0
44,0,Travel_Rarely,735,Research & Development,11,2,Medical,4,Male,52,1,3,Manufacturing Director,3,Single,12084,10583,7,Yes,20,4,4,0,13,2,3,13,1,11,7
29,0,Travel_Rarely,553,Research & Development,17,3,Technical Degree,4,Female,40,2,4,Manager,4,Divorced,15581,23645,6,Yes,22,4,2,1,11,3,1,5,2,2,3
21,0,Travel_Rarely,109,Research & Development,26,2,Other,4,Female,59,3,2,Healthcare Representative,4,Married,8048,24447,5,No,17,3,4,2,4,4,4,3,3,3,3
57,0,Travel_Frequently,615,Research & Development,8,4,Technical Degree,4,Male,62,3,5,Research Director,4,Single,18609,22132,8,No,12,3,2,0,15,1,3,15,3,3,2
50,1,Travel_Rarely,1429,Sales,13,3,Other,4,Female,65,4,1,Sales Representative,2,Married,4878,20028,4,Yes,22,4,4,0,2,4,4,2,0,0,0
59,0,Travel_Rarely,821,Sales,18,3,Life Sciences,4,Male,49,3,4,Manager,4,Divorced,14980,20564,6,No,12,3,4,0,12,3,1,9,1,6,5
54,1,Travel_Frequently,801,Research & Development,8,5,Technical Degree,1,Male,60,2,2,Research Scientist,1,Married,7922,11012,7,No,18,3,4,2,4,2,3,4,3,1,2
22,1,Travel_Frequently,798,Research & Development,18,3,Medical,4,Female,67,4,2,Healthcare Representative,2,Married,8073,14811,8,No,16,3,3,0,4,1,2,4,3,1,3
34,0,Travel_Rarely,200,Research & Development,28,3,Life Sciences,2,Male,70,2,5,Research Director,3,Married,18585,7468,3,Yes,19,3,3,1,16,2,3,6,2,1,3
36,1,Travel_Rarely,1288,Sales,13,1,Medical,2,Male,93,1,2,Sales Executive,2,Single,8768,13311,1,No,16,3,1,0,7,6,3,5,4,2,2
52,1,Travel_Rarely,1007,Research & Development,29,3,Other,1,Male,61,1,4,Research Director,2,Divorced,15541,21208,1,No,21,4,3,1,18,2,1,9,3,6,0
52,0,Travel_Rarely,1380,Research & Development,15,4,Life Sciences,1,Male,35,2,4,Research Director,3,Divorced,15415,21124,6,No,24,4,4,3,10,3,2,9,2,2,1
22,0,Non-Travel,1069,Research & Development,25,3,Technical Degree,3,Male,54,3,2,Manufacturing Director,3,Single,8417,26641,3,No,20,4,1,0,4,5,4,1,1,1,1
23,0,Travel_Rarely,1436,Research & Development,1,1,Life Sciences,4,Male,93,3,2,Laboratory Technician,1,Single,8376,23858,1,No,11,3,2,0,5,3,3,5,0,2,5
36,0,Travel_Rarely,893,Human Resources,24,4,Medical,2,Male,99,4,5,Manager,1,Married,18684,21266,2,No,16,3,1,1,15,3,2,3,0,2,3
32,0,Travel_Rarely,746,Research & Development,25,2,Life Sciences,4,Male,41,2,5,Research Director,2,Married,18896,3267,0,Yes,19,3,4,1,14,1,3,4,3,0,2
45,0,Travel_Rarely,198,Sales,28,4,Medical,1,Female,42,1,2,Sales Executive,2,Married,9327,22335,2,No,21,4,2,1,9,2,3,3,2,3,0
21,1,Travel_Frequently,159,Human Resources,22,2,Human Resources,2,Female,49,3,4,Manager,4,Divorced,15053,17216,0,Yes,15,3,3,0,8,3,3,5,4,1,3
48,1,Travel_Rarely,600,Research & Development,16,4,Technical Degree,1,Male,79,2,1,Laboratory Technician,3,Married,5274,19371,2,No,14,3,1,0,5,4,3,4,4,4,3
27,1,Travel_Rarely,926,Research & Development,18,4,Life Sciences,3,Male,50,3,2,Manufacturing Director,4,Single,8144,24669,2,Yes,12,3,1,1,6,4,4,6,3,0,3
43,0,Travel_Rarely,988,Research & Development,10,4,Life Sciences,4,Female,42,2,2,Healthcare Representative,1,Married,8277,9907,0,Yes,23,4,1,1,7,3,3,5,3,0,0
23,0,Travel_Rarely,472,Sales,1,4,Life Sciences,3,Female,61,3,5,Manager,4,Married,18302,15749,0,No,22,4,4,1,10,4,3,8,2,0,5
33,0,Travel_Rarely,1230,Research & Development,7,3,Life Sciences,1,Male,42,2,4,Manager,1,Married,14856,4703,3,No,13,3,2,0,13,2,3,3,0,0,2
46,0,Travel_Frequently,151,Sales,13,1,Other,2,Female,48,3,2,Sales Executive,3,Married,8981,13659,3,No,22,4,3,1,6,1,3,2,0,2,0
54,0,Non-Travel,1198,Research & Development,18,4,Technical Degree,2,Male,58,2,4,Research Director,3,Married,15095,24836,6,Yes,15,3,1,2,12,3,3,8,0,6,6
41,1,Travel_Rarely,1117,Research & Development,17,2,Life Sciences,2,Male,69,4,3,Healthcare Representative,4,Married,12973,10009,3,Yes,19,3,4,1,15,1,2,3,0,1,2
37,1,Travel_Frequently,229,Sales,22,4,Marketing,4,Male,54,2,1,Sales Representative,3,Single,5423,24538,2,No,11,3,3,3,2,3,1,1,0,1,0
36,0,Travel_Rarely,455,Research & Development,17,4,Technical Degree,1,Female,90,3,1,Laboratory Technician,3,Divorced,5111,16822,2,No,11,3,4,0,4,3,3,3,2,2,1
54,1,Travel_Frequently,1054,Sales,27,4,Life Sciences,2,Male,50,3,2,Sales Executive,2,Married,9045,22151,0,No,15,3,4,0,10,1,1,9,8,5,2
56,0,Travel_Rarely,711,Research & Development,13,4,Medical,1,Male,89,2,4,Manager,1,Married,15345,9930,1,No,16,3,1,2,14,2,2,14,3,10,1
28,1,Travel_Rarely,278,Research & Development,3,3,Technical Degree,3,Female,70,3,2,Healthcare Representative,1,Married,8228,26021,1,No,18,3,1,1,7,3,4,7,0,5,3
41,0,Non-Travel,1218,Research & Development,1,3,Life Sciences,4,Male,71,3,4,Manager,3,Married,15970,7997,2,Yes,21,4,2,0,15,2,3,5,3,1,4
54,0,Travel_Rarely,1081,Research & Development,20,3,Medical,3,Female,96,4,3,Healthcare Representative,4,Single,12151,24009,3,Yes,12,3,4,3,15,3,3,15,13,7,6
23,1,Travel_Rarely,230,Sales,12,4,Marketing,2,Male,54,3,1,Sales Representative,4,Single,5399,10704,0,No,11,3,3,1,2,3,3,1,1,0,0
29,1,Travel_Rarely,554,Research & Development,29,4,Other,3,Male,89,4,2,Manufacturing Director,3,Single,8533,21692,2,Yes,14,3,4,3,10,0,1,4,0,2,4
21,0,Travel_Rarely,885,Research & Development,23,3,Technical Degree,3,Male,69,1,2,Laboratory Technician,4,Single,8088,2599,6,No,24,4,4,2,4,2,2,2,1,2,2
41,0,Travel_Rarely,743,Research & Development,4,3,Medical,3,Male,71,3,2,Laboratory Technician,4,Married,8490,7605,2,No,23,4,3,3,8,2,3,5,0,0,1
20,0,Travel_Rarely,776,Human Resources,8,1,Life Sciences,2,Female,85,4,4,Manager,3,Married,14968,15292,6,No,22,4,4,1,8,2,3,2,0,2,1
34,1,Travel_Rarely,546,Sales,22,1,Medical,3,Male,51,4,1,Sales Representative,1,Married,5404,13233,7,Yes,14,3,3,0,3,2,3,3,1,1,1
45,0,Travel_Rarely,585,Research & Development,15,2,Technical Degree,1,Female,47,2,4,Research Director,3,Married,15783,14891,7,No,22,4,3,2,14,3,3,11,2,8,5
21,0,Travel_Rarely,1030,Research & Development,23,3,Other,1,Female,74,4,2,Healthcare Representative,3,Divorced,8797,6656,7,No,21,4,4,1,4,3,1,1,1,1,0
51,0,Travel_Rarely,312,Research & Development,4,1,Technical Degree,1,Male,96,2,4,Research Director,1,Divorced,14975,5544,2,No,14,3,2,0,12,3,3,4,0,3,1
35,0,Travel_Rarely,129,Sales,12,2,Medical,4,Male,52,3,1,Sales Representative,4,Married,5405,19924,4,No,25,4,2,0,5,2,3,5,0,5,3
20,0,Travel_Rarely,813,Sales,23,3,Medical,1,Male,41,4,2,Sales Executive,3,Divorced,8418,2078,0,No,24,4,3,1,4,3,2,3,3,1,3
45,1,Travel_Rarely,1439,Research & Development,28,4,Medical,1,Female,63,3,4,Manager,1,Married,15520,4700,5,No,24,4,2,0,11,2,3,8,2,3,1
47,0,Travel_Rarely,973,Research & Development,21,4,Technical Degree,3,Male,32,1,5,Research Director,1,Married,18438,10319,0,No,18,3,4,0,11,2,3,2,2,0,0
28,0,Travel_Frequently,1122,Research & Development,12,3,Life Sciences,2,Male,88,1,2,Manufacturing Director,4,Divorced,9017,17886,0,No,23,4,3,1,7,2,4,7,4,5,7
50,0,Travel_Rarely,353,Research & Development,4,3,Life Sciences,1,Male,37,3,2,Manufacturing Director,4,Single,9163,12346,3,Yes,21,4,4,0,8,2,2,3,3,0,2
53,0,Travel_Rarely,361,Research & Development,5,3,Technical Degree,4,Female,57,3,4,Manager,3,Married,16186,7917,4,No,21,4,3,2,20,6,3,2,2,2,2
58,0,Travel_Rarely,1255,Research & Development,3,2,Medical,4,Male,73,3,3,Manufacturing Director,3,Married,12928,21297,4,No,22,4,1,0,15,3,2,6,0,3,3
21,1,Travel_Rarely,877,Sales,16,4,Other,3,Female,87,1,3,Sales Executive,3,Divorced,12060,14206,7,No,25,4,3,0,6,4,4,5,4,4,0
28,0,Travel_Rarely,664,Research & Development,25,4,Other,1,Male,63,3,2,Research Scientist,3,Married,8786,15598,7,No,22,4,4,0,10,2,3,3,0,3,1
26,0,Travel_Rarely,875,Research & Development,22,2,Life Sciences,4,Female,62,3,2,Healthcare Representative,1,Married,8281,14166,0,No,12,3,3,1,4,2,3,3,2,1,0
55,1,Travel_Frequently,389,Sales,27,5,Marketing,4,Female,36,3,1,Sales Representative,1,Married,5796,12060,3,No,20,4,4,0,5,4,2,2,1,1,1
32,0,Travel_Rarely,1125,Research & Development,6,3,Life Sciences,3,Female,93,3,2,Research Scientist,3,Married,8682,13012,1,No,21,4,4,1,9,5,3,7,4,6,7
36,0,Travel_Frequently,927,Research & Development,23,1,Medical,2,Female,88,3,1,Research Scientist,4,Married,5578,11251,4,No,11,3,1,0,5,3,3,1,1,0,1
56,0,Travel_Frequently,642,Sales,18,4,Other,4,Female,41,3,3,Sales Executive,3,Married,12521,15950,7,Yes,19,3,3,1,14,2,3,8,8,6,7
26,0,Travel_Rarely,248,Research & Development,8,2,Life Sciences,3,Male,46,2,1,Laboratory Technician,3,Married,5231,3035,5,Yes,22,4,1,2,2,3,3,2,1,1,2
33,0,Travel_Rarely,267,Sales,9,1,Marketing,2,Female,57,3,4,Manager,3,Single,15993,9661,8,No,14,3,4,1,15,2,3,13,12,6,11
59,0,Travel_Rarely,560,Sales,5,3,Life Sciences,3,Male,74,4,4,Manager,4,Married,15796,10072,8,No,15,3,1,1,17,1,3,7,6,7,3
47,1,Non-Travel,1131,Research & Development,27,2,Life Sciences,3,Male,50,3,1,Research Scientist,4,Single,5131,13361,1,Yes,18,3,1,3,2,2,2,1,1,1,1
48,1,Travel_Rarely,736,Research & Development,1,3,Technical Degree,2,Male,33,3,2,Healthcare Representative,2,Married,8416,11081,3,No,13,3,1,1,9,0,2,2,2,0,1
54,0,Travel_Rarely,171,Research & Development,24,4,Other,1,Female,91,1,4,Research Director,4,Married,15495,23074,2,No,21,4,3,0,16,2,3,14,6,2,4
42,0,Travel_Rarely,1093,Research & Development,4,3,Other,4,Male,33,3,1,Laboratory Technician,3,Married,5462,19505,4,No,21,4,1,1,4,3,3,1,1,0,1
48,0,Travel_Rarely,210,Research & Development,26,2,Other,1,Female,44,1,4,Research Director,4,Married,15549,6596,7,Yes,22,4,1,1,15,2,1,7,5,2,6
24,0,Travel_Rarely,997,Research & Development,11,2,Life Sciences,1,Female,35,3,2,Research Scientist,4,Married,9080,7429,7,Yes,18,3,4,0,6,2,3,4,3,2,2
31,1,Travel_Frequently,221,Research & Development,3,2,Life Sciences,2,Male,62,2,2,Healthcare Representative,3,Married,8632,6698,4,Yes,18,3,3,0,4,2,3,3,2,2,2
43,0,Travel_Frequently,860,Research & Development,17,4,Medical,3,Female,35,3,2,Manufacturing Director,4,Single,9091,24791,6,No,11,3,3,1,6,2,3,3,1,0,3
33,0,Travel_Rarely,858,Research & Development,21,4,Medical,3,Female,33,1,5,Manager,4,Single,18166,25024,2,No,16,3,4,1,10,6,2,6,1,5,5
49,0,Travel_Rarely,1415,Research & Development,19,3,Technical Degree,3,Female,36,3,3,Healthcare Representative,2,Single,12472,20454,1,No,12,3,1,1,10,2,3,6,3,2,3
40,0,Travel_Rarely,800,Research & Development,14,3,Medical,4,Male,42,3,2,Manufacturing Director,1,Married,8668,9726,4,Yes,22,4,2,0,8,3,3,7,0,3,0
53,1,Travel_Frequently,565,Sales,16,1,Other,3,Female,52,3,2,Sales Executive,3,Married,8501,23375,4,Yes,25,4,2,0,8,2,3,2,1,0,0
21,1,Travel_Frequently,285,Research & Development,26,3,Technical Degree,2,Female,41,3,1,Laboratory Technician,1,Single,5500,5864,6,Yes,16,3,3,1,2,1,2,2,1,0,2
22,1,Travel_Rarely,310,Sales,1,3,Medical,3,Female,52,2,2,Sales Executive,4,Single,8576,5646,1,Yes,16,3,3,0,4,2,1,3,0,3,3
56,0,Travel_Rarely,400,Research & Development,21,2,Life Sciences,3,Male,65,2,3,Healthcare Representative,4,Married,11829,5727,6,Yes,25,4,4,3,8,0,3,8,6,6,7
38,0,Non-Travel,1390,Research & Development,17,3,Medical,3,Male,77,3,4,Research Director,3,Single,16208,26462,7,Yes,17,3,1,0,20,1,3,5,4,2,1
25,0,Non-Travel,1167,Research & Development,3,2,Other,3,Male,68,4,1,Laboratory Technician,2,Married,4813,19803,3,No,18,3,4,1,3,3,2,3,2,0,2
47,0,Travel_Frequently,1006,Research & Development,18,3,Technical Degree,4,Male,97,4,2,Research Scientist,4,Married,8995,15763,1,No,14,3,3,1,6,3,2,3,3,3,0
30,0,Travel_Rarely,531,Sales,29,2,Marketing,4,Male,96,2,5,Manager,4,Divorced,18174,26559,3,No,14,3,4,3,10,2,2,6,1,1,2
23,0,Travel_Rarely,491,Research & Development,17,4,Medical,3,Male,34,3,2,Healthcare Representative,4,Divorced,8548,11131,2,No,14,3,4,1,5,2,2,4,4,1,2
22,0,Travel_Frequently,150,Research & Development,4,3,Technical Degree,4,Male,84,3,5,Research Director,4,Divorced,18415,3360,7,Yes,16,3,2,1,10,2,2,4,2,4,3
31,0,Travel_Rarely,1042,Research & Development,25,4,Medical,4,Female,35,2,2,Healthcare Representative,4,Divorced,9050,18417,8,Yes,11,3,2,2,9,2,3,3,2,0,3
42,1,Travel_Rarely,409,Human Resources,10,2,Life Sciences,1,Male,95,3,1,Human Resources,1,Single,5228,13093,3,Yes,24,4,4,0,3,3,3,2,2,1,1
41,0,Travel_Rarely,648,Research & Development,27,3,Life Sciences,4,Male,45,4,2,Research Scientist,2,Married,9051,11408,1,No,22,4,1,3,8,3,4,8,2,1,7
21,0,Non-Travel,1383,Sales,4,4,Medical,3,Male,41,3,1,Sales Representative,3,Married,5302,4819,6,Yes,14,3,2,0,3,2,3,3,3,1,1
54,0,Travel_Frequently,1414,Research & Development,18,3,Technical Degree,3,Female,68,3,2,Research Scientist,4,Single,8770,19431,3,Yes,18,3,4,1,10,2,3,5,2,5,5
45,0,Travel_Rarely,855,Human Resources,23,4,Human Resources,4,Female,30,3,5,Manager,1,Single,18196,23621,6,Yes,12,3,2,1,15,3,3,8,3,4,4
37,0,Non-Travel,1008,Sales,21,5,Life Sciences,4,Male,95,1,5,Manager,4,Divorced,18401,18952,4,Yes,21,4,2,0,19,2,3,8,5,2,0
41,0,Travel_Rarely,456,Research & Development,22,2,Technical Degree,4,Male,46,3,1,Research Scientist,3,Married,5980,25423,7,No,25,4,3,0,5,3,3,2,2,0,1
53,0,Non-Travel,783,Research & Development,6,4,Medical,3,Female,93,3,1,Laboratory Technician,4,Divorced,5261,15937,6,No,17,3,2,0,4,3,3,3,0,3,1
27,1,Travel_Rarely,1063,Sales,22,4,Life Sciences,1,Female,76,3,1,Sales Representative,2,Married,5484,12443,3,Yes,19,3,4,2,3,2,3,3,1,1,3
26,1,Travel_Rarely,731,Sales,25,4,Marketing,2,Male,31,3,2,Sales Executive,2,Married,8194,9452,5,Yes,24,4,3,1,6,2,3,4,4,4,1
42,1,Travel_Frequently,1006,Research & Development,21,4,Medical,1,Male,95,2,4,Research Director,4,Single,15998,20259,3,Yes,18,3,3,1,19,2,2,9,4,3,4
43,0,Travel_Frequently,633,Research & Development,12,3,Technical Degree,4,Male,92,3,4,Manager,2,Married,15771,24942,2,No,11,3,3,0,20,6,3,15,6,11,11
35,0,Travel_Rarely,602,Research & Development,14,3,Other,3,Male,60,4,4,Manager,4,Single,14845,21399,0,No,25,4,3,3,12,3,3,3,2,3,2
20,0,Non-Travel,1159,Research & Development,13,4,Technical Degree,4,Female,84,3,3,Manufacturing Director,4,Divorced,11509,20693,6,No,13,3,3,2,6,2,2,2,0,2,2
37,0,Travel_Rarely,1335,Research & Development,12,3,Technical Degree,2,Female,43,3,4,Research Director,3,Single,15203,8619,2,Yes,25,4,2,0,8,2,4,3,0,2,3
24,0,Travel_Rarely,1098,Research & Development,20,4,Medical,3,Male,47,3,5,Research Director,3,Divorced,18002,10589,7,Yes,25,4,2,3,10,6,3,6,2,2,5
31,1,Non-Travel,1419,Sales,25,1,Other,3,Male,45,2,1,Sales Representative,2,Single,5786,5129,3,Yes,21,4,3,1,5,3,3,4,4,1,2
20,0,Travel_Frequently,683,Research & Development,15,2,Other,4,Male,78,4,5,Manager,4,Divorced,18479,19903,4,No,20,4,3,0,10,3,2,9,7,1,1
52,0,Travel_Rarely,1295,Sales,11,3,Other,2,Male,31,2,2,Sales Executive,4,Divorced,9085,16839,4,No,23,4,1,2,7,3,3,6,3,3,3
26,0,Travel_Rarely,355,Research & Development,2,3,Life Sciences,3,Female,86,3,4,Research Director,3,Single,14615,19522,8,No,21,4,1,0,8,3,2,1,1,0,1
33,1,Travel_Rarely,1035,Research & Development,14,2,Technical Degree,3,Female,84,3,4,Manager,2,Divorced,15000,11423,4,Yes,20,4,3,1,15,4,3,8,1,4,7
34,1,Travel_Rarely,1376,Sales,7,2,Marketing,4,Male,88,3,1,Sales Representative,4,Single,5839,19119,6,No,14,3,4,1,4,3,3,4,1,2,2
32,0,Travel_Rarely,694,Research & Development,9,3,Life Sciences,4,Female,49,2,3,Healthcare Representative,3,Married,12829,16705,8,No,20,4,3,1,14,3,3,9,0,0,4
46,0,Travel_Rarely,676,Sales,26,3,Life Sciences,2,Male,38,3,5,Manager,1,Divorced,18044,2995,2,No,15,3,1,1,14,2,3,6,1,5,1
47,0,Non-Travel,1058,Sales,23,4,Other,2,Female,58,3,3,Sales Executive,1,Married,12566,7781,3,No,19,3,3,0,14,2,3,12,11,8,9
50,0,Travel_Rarely,956,Research & Development,20,4,Other,3,Female,94,1,5,Manager,1,Married,18450,23823,5,No,15,3,4,2,18,2,3,16,5,7,2
33,0,Travel_Rarely,299,Research & Development,10,2,Technical Degree,2,Female,81,3,2,Laboratory Technician,3,Single,8839,20789,0,Yes,14,3,3,0,6,6,4,5,3,4,5
23,0,Travel_Rarely,1462,Research & Development,5,4,Life Sciences,4,Male,52,4,5,Manager,4,Single,18146,3123,7,No,20,4,3,1,10,3,3,6,6,4,1
49,0,Travel_Rarely,1323,Human Resources,11,2,Human Resources,4,Male,44,3,2,Human Resources,2,Divorced,8487,26626,4,Yes,19,3,4,1,9,5,1,9,6,1,5
48,1,Travel_Rarely,452,Research & Development,5,3,Life Sciences,1,Female,41,3,1,Research Scientist,4,Single,5695,17289,1,No,13,3,4,0,5,2,3,2,1,2,2
33,0,Non-Travel,522,Research & Development,28,4,Other,4,Male,34,1,1,Laboratory Technician,1,Married,5640,22152,6,Yes,25,4,4,2,4,2,3,3,3,2,1
57,0,Travel_Rarely,999,Sales,27,4,Life Sciences,4,Female,89,2,3,Sales Executive,3,Married,11921,20807,3,No,15,3,3,0,11,3,2,1,1,1,1
47,1,Travel_Rarely,428,Research & Development,21,2,Medical,4,Male,79,2,1,Research Scientist,1,Married,5245,10779,4,No,25,4,3,0,2,5,2,1,1,0,1
55,0,Travel_Frequently,1393,Sales,20,1,Medical,4,Male,97,4,3,Sales Executive,2,Married,11745,17438,3,No,25,4,3,1,7,5,3,4,1,3,3
46,0,Travel_Rarely,145,Sales,5,4,Other,2,Male,41,4,3,Sales Executive,2,Married,11598,15951,8,No,24,4,2,2,6,1,3,4,1,4,3
26,0,Travel_Rarely,333,Research & Development,14,4,Technical Degree,1,Female,61,2,5,Manager,2,Single,18450,8256,2,No,23,4,4,3,10,2,3,7,3,2,2
56,1,Travel_Rarely,1158,Sales,1,1,Other,1,Female,98,2,1,Sales Representative,3,Single,4854,6661,0,No,13,3,3,0,3,3,3,1,1,1,1
21,0,Travel_Frequently,401,Human Resources,12,1,Other,3,Male,71,2,4,Manager,3,Single,14645,17494,0,No,17,3,1,2,8,3,3,4,4,3,3
43,0,Travel_Rarely,776,Sales,8,4,Other,2,Female,78,2,5,Manager,4,Married,19245,12025,3,Yes,24,4,4,1,22,3,2,14,5,13,5
47,0,Travel_Rarely,1251,Research & Development,7,4,Technical Degree,3,Male,46,3,5,Research Director,1,Married,18841,11787,1,No,16,3,1,0,17,3,3,7,7,4,4
59,0,Non-Travel,441,Sales,25,4,Life Sciences,2,Female,61,3,3,Sales Executive,2,Single,12016,26007,1,No,19,3,3,1,10,3,2,7,2,3,0
59,1,Travel_Frequently,1276,Research & Development,22,3,Medical,2,Male,81,3,5,Manager,3,Divorced,18831,24063,3,Yes,23,4,3,0,15,2,3,4,2,4,0
24,0,Travel_Rarely,561,Research & Development,17,1,Other,3,Female,40,4,4,Research Director,4,Married,15104,25394,1,Yes,11,3,2,0,8,0,4,5,0,3,4
22,1,Travel_Frequently,1095,Research & Development,19,1,Other,1,Male,56,3,2,Laboratory Technician,3,Married,8336,9828,8,No,22,4,1,1,4,2,3,4,3,1,4
50,1,Travel_Rarely,989,Sales,27,2,Medical,4,Male,80,4,1,Sales Representative,1,Married,5645,7817,3,No,22,4,3,0,5,0,3,5,2,1,3
52,1,Travel_Frequently,1394,Research & Development,23,3,Life Sciences,1,Male,52,1,2,Manufacturing Director,3,Married,8880,22724,6,Yes,23,4,4,0,4,2,3,4,0,0,1
28,1,Travel_Rarely,623,Sales,28,4,Marketing,1,Female,74,3,1,Sales Representative,3,Married,5422,17137,1,Yes,23,4,2,2,4,5,2,2,2,0,2
40,0,Travel_Frequently,315,Research & Development,7,1,Life Sciences,3,Female,97,2,4,Manager,1,Single,14897,4878,7,No,12,3,3,0,10,2,3,7,0,6,0
22,0,Travel_Rarely,814,Human Resources,21,2,Medical,4,Male,31,3,4,Manager,1,Married,14840,23581,1,No,14,3,1,1,8,2,3,8,6,6,1
58,1,Travel_Rarely,863,Sales,17,2,Medical,1,Female,75,3,2,Sales Executive,1,Divorced,8887,21931,8,Yes,23,4,1,1,10,3,3,9,2,8,1
54,0,Travel_Rarely,945,Research & Development,2,2,Other,3,Female,58,3,2,Manufacturing Director,3,Married,8264,20340,2,No,15,3,1,1,6,5,3,3,2,0,1
31,0,Travel_Rarely,1000,Sales,13,4,Marketing,2,Male,65,2,4,Manager,3,Married,15421,14256,3,No,24,4,3,0,13,4,3,1,1,1,0
21,0,Travel_Rarely,765,Sales,4,3,Other,4,Female,58,3,2,Sales Executive,3,Married,7915,11477,7,No,15,3,3,0,4,3,3,3,0,0,2
37,0,Travel_Rarely,1482,Research & Development,14,5,Life Sciences,4,Male,32,3,2,Manufacturing Director,1,Married,8801,14567,4,No,15,3,3,0,7,3,4,7,7,6,7
49,1,Travel_Rarely,258,Research & Development,9,2,Medical,3,Male,95,4,2,Research Scientist,2,Married,9293,21170,4,Yes,23,4,4,1,9,3,3,4,1,3,2
56,0,Travel_Rarely,262,Research & Development,13,3,Life Sciences,3,Female,88,4,5,Research Director,4,Divorced,18169,22503,6,No,11,3,2,2,14,3,4,5,0,2,1
23,1,Travel_Rarely,1354,Sales,29,3,Marketing,3,Male,72,2,2,Sales Executive,4,Single,8122,7099,2,Yes,14,3,2,2,5,2,2,4,4,2,1
35,0,Travel_Frequently,100,Research & Development,24,1,Life Sciences,4,Female,68,3,5,Manager,4,Divorced,18281,16652,2,Yes,17,3,4,1,17,5,2,14,10,2,0
48,0,Travel_Rarely,978,Research & Development,29,4,Life Sciences,4,Male,78,4,3,Healthcare Representative,2,Married,12020,23866,0,No,16,3,2,0,15,5,4,10,7,0,3
40,1,Travel_Rarely,222,Research & Development,13,2,Other,3,Female,67,4,2,Manufacturing Director,1,Married,9199,25212,7,No,25,4,3,0,8,2,2,5,0,0,1
50,0,Travel_Rarely,307,Research & Development,21,1,Medical,4,Male,87,2,1,Research Scientist,4,Single,4891,12042,6,Yes,18,3,1,1,3,2,3,3,1,2,0
21,0,Travel_Rarely,839,Research & Development,9,2,Other,4,Female,56,3,2,Manufacturing Director,4,Married,8586,2622,5,No,11,3,4,0,4,3,3,1,1,1,0
51,1,Travel_Rarely,1139,Sales,13,4,Medical,1,Male,59,3,1,Sales Representative,4,Married,5500,16072,7,Yes,12,3,2,3,4,3,3,3,0,3,3
57,1,Travel_Frequently,253,Sales,24,3,Marketing,3,Female,33,3,1,Sales Representative,4,Single,5056,7659,6,No,12,3,4,0,2,4,4,2,2,1,2
42,0,Travel_Rarely,1138,Research & Development,3,3,Technical Degree,1,Male,64,1,5,Research Director,3,Married,18756,4332,8,Yes,16,3,1,1,13,3,2,12,4,0,8
28,0,Travel_Frequently,1345,Research & Development,17,3,Medical,2,Female,45,4,3,Manufacturing Director,4,Single,11718,2615,0,No,12,3,1,0,7,2,4,6,1,3,3
23,1,Travel_Frequently,443,Sales,28,2,Marketing,4,Female,69,3,3,Sales Executive,4,Single,11368,9917,3,No,24,4,2,1,6,3,3,1,1,0,0
28,1,Travel_Rarely,1383,Research & Development,9,4,Technical Degree,2,Female,54,3,2,Research Scientist,1,Single,8294,7311,7,Yes,23,4,4,3,4,2,3,2,0,1,1
27,0,Travel_Rarely,747,Sales,8,2,Medical,3,Male,33,3,1,Sales Representative,3,Single,4704,13944,4,No,22,4,3,1,2,0,2,2,0,0,2
32,1,Travel_Rarely,1036,Research & Development,6,2,Medical,1,Male,83,1,1,Research Scientist,2,Single,5851,16120,1,No,13,3,2,0,5,2,3,1,1,1,1
20,0,Travel_Rarely,1392,Research & Development,17,3,Technical Degree,2,Male,90,3,4,Manager,4,Single,14448,14940,4,No,15,3,4,1,8,3,3,4,0,0,2
52,0,Travel_Rarely,1014,Research & Development,1,3,Medical,4,Female,66,2,4,Research Director,4,Divorced,15492,16654,5,No,23,4,1,1,10,3,3,4,4,1,1
44,1,Travel_Rarely,388,Research & Development,20,3,Medical,3,Male,81,3,1,Laboratory Technician,3,Single,5338,2099,6,Yes,14,3,3,1,5,2,3,4,1,0,4
21,0,Travel_Rarely,683,Research & Development,19,3,Technical Degree,3,Female,77,3,5,Manager,3,Single,17631,24407,4,No,11,3,2,0,10,5,3,4,3,4,3
46,0,Travel_Rarely,408,Sales,29,2,Life Sciences,4,Male,46,2,1,Sales Representative,3,Married,5649,6720,2,No,24,4,2,1,4,6,3,2,0,1,0
57,0,Non-Travel,960,Sales,9,4,Other,4,Male,70,2,5,Manager,4,Married,18416,9011,1,No,15,3,1,3,13,3,4,5,4,1,3
30,0,Travel_Rarely,1298,Sales,5,2,Other,3,Male,52,3,1,Sales Representative,1,Married,4763,4079,6,No,11,3,3,1,2,3,2,2,2,0,1
53,0,Travel_Frequently,725,Sales,11,3,Medical,4,Male,35,2,4,Manager,2,Married,15517,3813,3,Yes,18,3,3,0,13,3,3,13,1,3,0
32,0,Travel_Rarely,315,Research & Development,14,4,Other,4,Male,88,1,2,Research Scientist,3,Single,8732,23622,0,No,23,4,2,2,6,6,3,6,3,5,3
32,0,Travel_Rarely,127,Research & Development,14,3,Medical,3,Male,32,3,4,Manager,2,Single,15047,26479,2,No,16,3,4,0,14,2,4,7,0,2,6
34,0,Travel_Rarely,1298,Research & Development,19,3,Technical Degree,3,Male,36,4,4,Manager,3,Married,15224,10184,0,No,20,4,3,3,11,3,2,9,4,9,1
54,1,Travel_Frequently,623,Research & Development,26,4,Technical Degree,3,Male,69,3,2,Research Scientist,4,Divorced,8343,5819,1,Yes,18,3,4,0,8,3,2,8,1,2,6
47,1,Travel_Rarely,428,Sales,10,4,Life Sciences,3,Male,41,3,5,Manager,3,Single,17850,9661,6,No,24,4,2,2,11,2,2,2,2,0,2
31,0,Travel_Frequently,327,Research & Development,19,3,Medical,2,Female,39,2,4,Research Director,3,Married,15281,16008,0,Yes,23,4,3,2,12,4,4,7,6,1,7
23,0,Non-Travel,713,Research & Development,11,4,Other,3,Male,78,3,4,Research Director,4,Married,14599,11089,1,No,18,3,3,0,8,0,4,3,3,1,0
24,1,Travel_Rarely,373,Research & Development,21,4,Technical Degree,1,Male,56,3,4,Manager,2,Single,15067,20058,2,No,17,3,2,1,8,6,2,3,2,1,3
21,0,Travel_Rarely,112,Research & Development,1,3,Medical,2,Male,71,2,5,Manager,1,Married,17526,11124,5,No,23,4,2,0,10,2,1,7,0,3,4
27,0,Travel_Rarely,1005,Sales,21,4,Marketing,2,Male,71,3,5,Manager,4,Married,17578,26824,7,No,19,3,2,0,10,2,3,8,6,1,8
36,1,Travel_Frequently,794,Research & Development,29,3,Technical Degree,2,Male,55,3,1,Research Scientist,3,Single,4979,10484,0,No,23,4,3,0,4,2,2,3,1,3,0
47,0,Travel_Rarely,1249,Research & Development,15,3,Technical Degree,2,Male,81,2,5,Manager,4,Divorced,17557,3011,6,Yes,25,4,1,1,10,3,3,9,3,0,1
36,1,Travel_Rarely,1230,Sales,12,1,Marketing,2,Female,74,3,2,Sales Executive,3,Married,9159,25147,0,Yes,24,4,4,0,9,3,4,1,0,0,0
20,0,Travel_Rarely,1114,Human Resources,26,4,Other,3,Male,85,3,4,Manager,3,Married,14366,9791,2,No,18,3,4,0,8,2,3,3,1,0,0
25,0,Travel_Rarely,324,Research & Development,15,3,Technical Degree,3,Male,73,2,5,Manager,3,Divorced,18330,21778,1,No,20,4,4,1,10,3,2,6,4,6,2
56,0,Travel_Frequently,1318,Research & Development,13,4,Technical Degree,3,Male,51,2,2,Healthcare Representative,2,Divorced,8487,4745,8,Yes,15,3,3,1,8,2,3,6,4,5,1
40,0,Travel_Rarely,1457,Sales,9,4,Life Sciences,4,Male,40,3,4,Manager,3,Married,15858,8295,4,No,23,4,3,1,14,1,3,13,5,0,8
32,0,Travel_Frequently,237,Research & Development,5,2,Technical Degree,3,Female,99,2,2,Manufacturing Director,4,Single,9193,23290,0,No,16,3,1,2,9,2,1,3,1,2,2
22,0,Non-Travel,1451,Research & Development,7,4,Life Sciences,3,Female,59,4,5,Manager,3,Married,18084,20652,2,No,19,3,3,2,10,3,3,4,2,4,2
41,0,Travel_Rarely,490,Sales,8,3,Life Sciences,2,Male,38,4,1,Sales Representative,3,Married,5217,8500,3,No,23,4,3,0,2,6,3,1,0,0,0
39,0,Travel_Rarely,994,Research & Development,11,4,Medical,3,Female,82,4,2,Healthcare Representative,3,Married,9246,11363,2,No,21,4,4,0,9,4,3,5,1,4,4
44,1,Non-Travel,206,Research & Development,21,4,Medical,1,Female,43,3,2,Laboratory Technician,3,Married,8588,14089,6,No,22,4,4,0,6,2,3,4,4,3,1
35,0,Travel_Rarely,724,Research & Development,24,2,Life Sciences,2,Female,51,2,3,Manufacturing Director,3,Divorced,11840,13155,6,No,11,3,2,0,12,3,2,2,2,0,1
33,0,Travel_Rarely,1443,Sales,9,5,Medical,3,Female,48,3,1,Sales Representative,3,Married,5055,4262,8,No,25,4,4,0,4,2,4,1,0,0,0
57,0,Travel_Rarely,1154,Human Resources,6,4,Life Sciences,1,Male,66,2,2,Human Resources,4,Married,9054,12043,7,No,23,4,4,1,7,5,3,3,0,3,2
34,0,Travel_Rarely,702,Research & Development,14,3,Other,3,Female,47,2,2,Manufacturing Director,1,Single,8515,26505,7,No,20,4,3,1,8,3,3,7,2,6,7
24,1,Travel_Rarely,807,Research & Development,26,3,Life Sciences,2,Male,48,3,2,Healthcare Representative,4,Single,8831,11559,7,No,23,4,4,1,6,0,1,1,1,0,1
51,0,Travel_Rarely,274,Research & Development,11,2,Other,3,Female,34,3,3,Manufacturing Director,4,Married,11750,20141,4,Yes,25,4,1,0,12,3,3,10,0,2,6
42,1,Travel_Rarely,446,Research & Development,2,2,Medical,2,Male,95,2,1,Laboratory Technician,2,Divorced,4880,3215,7,Yes,13,3,2,2,2,3,3,2,1,1,1
57,0,Travel_Rarely,869,Research & Development,25,2,Other,4,Male,92,2,2,Manufacturing Director,3,Married,8793,15348,0,No,24,4,4,1,9,1,3,2,0,1,0
49,0,Travel_Rarely,576,Research & Development,18,3,Technical Degree,1,Male,51,2,2,Research Scientist,2,Married,9482,25882,0,No,14,3,3,0,10,2,4,8,0,3,5
51,1,Travel_Rarely,1012,Sales,23,4,Marketing,4,Male,67,1,1,Sales Representative,3,Single,5285,17678,7,No,15,3,3,0,4,2,3,1,0,1,0
41,0,Travel_Rarely,1047,Research & Development,10,4,Technical Degree,4,Female,43,1,3,Manufacturing Director,3,Divorced,12787,7156,1,No,21,4,4,1,13,2,4,9,9,4,5
34,1,Travel_Frequently,742,Sales,4,3,Other,3,Male,78,3,1,Sales Representative,3,Single,5255,10511,5,No,22,4,2,2,3,1,3,3,1,0,0
39,0,Travel_Rarely,941,Sales,29,3,Other,1,Female,34,3,2,Sales Executive,1,Divorced,8277,12551,0,No,25,4,1,1,6,3,4,5,4,4,5
52,0,Travel_Rarely,523,Research & Development,13,2,Life Sciences,4,Female,76,2,4,Manager,3,Divorced,15206,8773,5,No,24,4,1,1,8,3,2,2,1,0,2
37,1,Travel_Rarely,143,Sales,11,3,Medical,1,Male,73,2,3,Sales Executive,2,Married,12767,5041,0,Yes,23,4,1,2,13,2,3,6,2,2,4
55,1,Travel_Frequently,1078,Research & Development,22,3,Medical,1,Female,62,3,2,Research Scientist,4,Married,9013,18640,7,No,17,3,4,0,10,2,2,10,7,10,2
39,1,Travel_Rarely,493,Research & Development,21,3,Medical,2,Female,41,2,2,Healthcare Representative,2,Single,8800,3017,4,No,16,3,1,1,6,4,3,6,1,3,0
26,0,Travel_Rarely,810,Research & Development,24,5,Technical Degree,2,Male,73,4,3,Healthcare Representative,2,Divorced,11684,22026,7,No,18,3,2,1,8,2,2,3,1,1,0
57,1,Non-Travel,1448,Research & Development,8,1,Life Sciences,4,Female,33,3,2,Research Scientist,1,Single,9156,12681,4,Yes,15,3,3,3,9,2,3,7,6,3,5
34,0,Non-Travel,1169,Human Resources,28,3,Life Sciences,1,Male,67,2,5,Manager,2,Married,18087,19647,1,No,22,4,1,0,10,2,3,6,0,2,6
21,0,Travel_Rarely,1096,Sales,13,2,Marketing,4,Male,33,3,4,Manager,2,Single,14979,19625,8,No,14,3,3,1,8,3,3,7,2,3,1
54,0,Travel_Rarely,171,Research & Development,23,4,Other,1,Female,69,2,2,Research Scientist,3,Divorced,8765,21086,5,Yes,13,3,1,1,8,2,1,5,2,1,0
50,0,Travel_Frequently,977,Sales,13,2,Other,3,Male,67,1,1,Sales Representative,4,Married,4960,14715,6,Yes,11,3,1,2,3,3,3,2,0,0,2
30,1,Travel_Rarely,467,Research & Development,22,1,Technical Degree,4,Male,64,3,2,Healthcare Representative,1,Single,9086,13101,1,No,25,4,4,0,6,4,2,5,1,2,4
32,1,Travel_Rarely,1431,Sales,21,1,Other,3,Male,84,3,2,Sales Executive,4,Single,8771,20468,7,No,14,3,3,0,8,2,3,6,0,1,6
49,0,Travel_Frequently,1116,Sales,11,2,Life Sciences,4,Male,71,1,5,Manager,3,Single,18475,2284,5,No,14,3,1,1,10,3,3,8,5,6,4
24,1,Non-Travel,419,Research & Development,22,4,Medical,3,Male,41,4,1,Laboratory Technician,1,Married,5749,3547,6,No,14,3,3,0,4,3,3,1,0,0,0
40,0,Travel_Rarely,381,Research & Development,7,4,Life Sciences,4,Male,83,2,1,Research Scientist,4,Single,5498,4802,2,No,13,3,2,0,5,3,3,2,2,1,0
29,1,Non-Travel,132,Sales,24,3,Medical,2,Male,34,3,1,Sales Representative,3,Married,4920,13159,3,No,25,4,1,0,4,0,3,1,1,1,1
47,0,Travel_Rarely,994,Research & Development,20,3,Medical,4,Male,82,3,1,Laboratory Technician,4,Married,5281,24353,2,No,16,3,3,1,5,1,3,4,3,2,0
59,1,Travel_Rarely,259,Research & Development,2,5,Medical,1,Female,39,3,1,Laboratory Technician,1,Divorced,5453,8384,2,Yes,18,3,4,1,2,6,2,2,0,2,1
58,1,Travel_Frequently,925,Research & Development,19,3,Life Sciences,1,Female,59,3,1,Research Scientist,4,Divorced,5066,17919,3,Yes,18,3,3,1,2,2,3,1,1,0,1
53,1,Travel_Frequently,1236,Research & Development,6,3,Other,2,Female,66,3,2,Manufacturing Director,4,Married,8563,2105,7,Yes,21,4,2,0,9,3,3,1,1,1,1
20,0,Travel_Frequently,831,Sales,21,3,Medical,4,Male,67,4,4,Manager,3,Married,14322,14470,8,Yes,22,4,4,1,8,2,3,5,2,3,3
53,0,Travel_Rarely,566,Research & Development,1,5,Medical,4,Male,30,1,2,Manufacturing Director,2,Married,8417,22678,1,Yes,12,3,4,1,4,3,3,1,0,0,0
45,0,Non-Travel,487,Research & Development,15,3,Medical,4,Female,30,3,2,Research Scientist,1,Married,8761,2298,1,No,13,3,4,1,4,3,4,2,2,2,1
53,0,Travel_Rarely,1182,Research & Development,28,3,Life Sciences,4,Male,30,3,4,Manager,3,Divorced,14766,6507,8,Yes,21,4,4,1,9,3,3,3,2,3,2
58,0,Travel_Rarely,650,Sales,7,4,Other,3,Male,54,2,3,Sales Executive,3,Single,12102,4929,0,No,18,3,4,2,14,2,3,4,1,4,0
59,0,Travel_Rarely,629,Research & Development,18,2,Other,4,Male,52,3,2,Manufacturing Director,2,Married,9006,18836,6,No,11,3,1,0,10,5,2,8,8,0,4
24,0,Travel_Rarely,982,Research & Development,16,4,Technical Degree,4,Female,71,3,3,Healthcare Representative,4,Single,11803,19636,3,No,22,4,1,0,6,1,3,1,0,1,1
55,0,Travel_Rarely,582,Sales,17,3,Other,1,Female,33,3,1,Sales Representative,3,Married,4824,4674,1,No,25,4,2,1,2,3,2,1,1,1,1
55,1,Travel_Rarely,915,Research & Development,15,2,Other,4,Male,49,1,1,Research Scientist,2,Married,5298,20082,7,Yes,21,4,3,0,4,2,3,2,1,1,2
53,1,Travel_Frequently,326,Research & Development,9,2,Life Sciences,3,Male,89,3,3,Manufacturing Director,2,Married,11717,16884,1,Yes,23,4,3,0,11,5,3,11,10,5,5
31,1,Travel_Rarely,1373,Research & Development,25,3,Technical Degree,4,Female,32,4,1,Research Scientist,1,Single,5343,10141,5,No,22,4,2,1,3,3,2,1,0,0,0
56,0,Travel_Frequently,228,Research & Development,1,2,Life Sciences,3,Male,48,4,1,Laboratory Technician,3,Divorced,5512,6452,6,Yes,13,3,4,1,4,3,3,3,2,2,3
45,0,Travel_Rarely,1164,Sales,2,3,Life Sciences,3,Male,78,1,1,Sales Representative,3,Married,5120,6238,2,No,23,4,4,1,2,4,4,2,1,2,1
51,0,Travel_Rarely,368,Research & Development,22,4,Life Sciences,4,Male,72,3,2,Healthcare Representative,3,Married,8203,26293,8,No,21,4,1,3,4,2,3,1,0,1,0
22,0,Travel_Rarely,399,Sales,14,2,Medical,3,Female,65,3,3,Sales Executive,3,Married,11247,3476,1,Yes,18,3,4,1,6,6,2,5,0,2,4
38,0,Travel_Rarely,193,Human Resources,13,4,Life Sciences,2,Male,34,4,4,Manager,4,Married,14941,23653,6,No,23,4,1,0,14,2,4,13,0,4,5
56,0,Travel_Rarely,1154,Research & Development,23,4,Life Sciences,3,Male,85,3,3,Healthcare Representative,3,Single,12366,10671,1,No,13,3,2,1,10,5,2,4,0,0,2
49,1,Travel_Frequently,637,Sales,8,4,Medical,3,Female,43,3,1,Sales Representative,3,Single,5737,6177,7,No,16,3,3,0,4,4,3,2,2,1,1
33,0,Travel_Rarely,798,Research & Development,19,3,Life Sciences,3,Male,68,2,5,Research Director,4,Married,18311,9240,5,No,18,3,4,1,12,2,2,3,0,2,0
48,1,Travel_Rarely,1072,Research & Development,2,3,Technical Degree,1,Female,31,3,1,Laboratory Technician,1,Single,5520,24134,6,No,25,4,2,3,4,2,1,4,1,3,0
27,0,Travel_Rarely,865,Research & Development,3,5,Technical Degree,3,Male,89,1,4,Research Director,3,Married,15021,12270,8,Yes,13,3,1,0,9,4,2,3,2,2,2
54,0,Non-Travel,548,Research & Development,10,2,Life Sciences,3,Male,33,3,2,Healthcare Representative,1,Single,8842,21992,1,No,18,3,3,1,6,2,2,3,0,3,0
59,0,Travel_Rarely,572,Sales,23,3,Marketing,3,Male,95,3,4,Manager,3,Married,15182,19242,6,No,24,4,2,0,12,5,3,2,0,0,2
45,0,Non-Travel,1231,Sales,8,3,Medical,1,Female,99,3,1,Sales Representative,3,Married,5476,16208,7,No,16,3,3,0,2,3,3,1,0,0,0
59,1,Travel_Rarely,324,Sales,27,2,Life Sciences,1,Male,64,3,1,Sales Representative,4,Single,5135,3247,5,Yes,15,3,1,0,3,3,3,1,1,0,1
50,0,Travel_Frequently,519,Research & Development,6,3,Other,3,Male,87,3,5,Research Director,1,Married,19068,2531,6,No,22,4,3,1,21,2,3,5,2,5,5
59,0,Non-Travel,533,Research & Development,24,3,Medical,4,Female,31,1,1,Research Scientist,2,Divorced,5099,17113,4,No,22,4,4,0,3,1,3,1,0,1,1
27,0,Travel_Rarely,1267,Sales,16,4,Medical,1,Male,82,3,5,Manager,4,Married,18093,7911,0,No,13,3,2,0,10,3,2,3,3,1,1
40,0,Travel_Rarely,1326,Sales,26,2,Other,1,Female,43,4,3,Sales Executive,4,Single,11898,24316,5,No,22,4,2,0,10,3,2,6,2,2,1
54,1,Non-Travel,520,Research & Development,11,4,Medical,1,Female,81,3,4,Research Director,4,Married,15657,16530,4,No,25,4,3,3,13,5,2,11,3,0,10
59,1,Non-Travel,1359,Sales,1,4,Life Sciences,1,Female,43,3,1,Sales Representative,3,Single,5092,24109,0,No,18,3,2,2,3,2,1,3,0,0,2
58,0,Non-Travel,142,Research & Development,3,4,Medical,2,Female,98,3,5,Manager,2,Married,18469,12234,2,No,18,3,2,1,14,3,3,3,1,1,0
57,0,Non-Travel,118,Research & Development,12,2,Medical,1,Male,61,4,2,Laboratory Technician,4,Divorced,8713,15105,4,No,20,4,4,1,9,3,1,2,2,0,2
54,1,Travel_Rarely,220,Research & Development,4,3,Medical,3,Female,43,3,4,Research Director,2,Married,15607,3066,7,Yes,21,4,4,0,15,2,4,11,0,0,3
58,0,Travel_Rarely,542,Research & Development,27,1,Life Sciences,3,Male,57,3,2,Manufacturing Director,3,Divorced,9245,25447,0,Yes,13,3,3,1,10,4,3,2,2,0,1
47,0,Travel_Rarely,1114,Sales,24,3,Life Sciences,4,Female,59,3,5,Manager,2,Divorced,17987,3029,4,No,19,3,4,0,12,3,3,6,1,1,5
34,1,Travel_Frequently,956,Research & Development,13,4,Life Sciences,2,Male,60,4,1,Laboratory Technician,3,Single,5240,23431,1,No,13,3,3,0,5,6,3,3,3,1,3
39,1,Travel_Frequently,121,Research & Development,2,1,Medical,4,Female,34,4,3,Manufacturing Director,2,Single,11308,22693,1,Yes,18,3,1,0,6,3,3,5,2,4,5
38,0,Travel_Rarely,178,Sales,10,3,Marketing,2,Male,60,3,2,Sales Executive,2,Divorced,8579,23118,4,No,24,4,3,1,7,3,3,6,6,5,4
51,0,Travel_Rarely,781,Research & Development,28,3,Technical Degree,3,Male,94,3,2,Laboratory Technician,2,Married,8008,25649,4,No,19,3,2,1,5,5,2,3,1,1,0
35,0,Travel_Frequently,510,Research & Development,3,3,Medical,3,Male,77,2,3,Healthcare Representative,3,Married,11898,10749,3,No,24,4,3,0,10,3,3,8,5,1,3
23,0,Travel_Rarely,551,Research & Development,26,3,Technical Degree,3,Male,98,3,2,Research Scientist,4,Single,8230,12673,4,No,11,3,4,1,5,3,2,5,5,2,5
43,0,Travel_Rarely,854,Sales,3,3,Marketing,3,Female,58,3,3,Sales Executive,4,Married,12426,2871,5,No,19,3,3,0,10,3,4,6,6,0,1
27,0,Travel_Rarely,222,Sales,7,5,Other,4,Male,84,3,1,Sales Representative,2,Married,5158,8254,1,No,20,4,4,1,4,4,2,1,1,0,0
21,0,Travel_Rarely,1089,Research & Development,27,1,Life Sciences,4,Male,50,3,5,Manager,4,Divorced,18025,2545,7,Yes,16,3,4,0,10,3,3,4,0,2,2
59,0,Travel_Rarely,536,Research & Development,17,4,Medical,3,Male,34,3,2,Laboratory Technician,4,Single,8376,18216,7,No,14,3,1,1,5,3,4,2,0,2,1
43,0,Travel_Rarely,1085,Sales,2,4,Life Sciences,2,Female,57,4,1,Sales Representative,4,Divorced,5215,14255,6,No,16,3,1,0,5,2,3,2,1,0,1
58,0,Travel_Rarely,439,Research & Development,26,2,Technical Degree,1,Male,57,3,5,Research Director,4,Single,19015,6987,1,No,18,3,3,1,21,2,3,2,0,0,2
49,0,Travel_Rarely,239,Research & Development,4,3,Medical,4,Male,53,3,4,Manager,3,Married,15204,23792,8,Yes,24,4,1,1,8,2,2,3,3,1,2
34,0,Travel_Rarely,1339,Sales,11,3,Life Sciences,1,Male,92,3,2,Sales Executive,4,Single,8894,25652,7,No,16,3,4,2,5,2,3,4,3,2,1
35,0,Travel_Rarely,1465,Research & Development,21,3,Medical,1,Male,68,3,2,Manufacturing Director,4,Married,8677,25050,4,No,22,4,2,1,4,5,1,3,3,2,0
58,0,Travel_Rarely,1213,Research & Development,25,3,Technical Degree,3,Male,56,4,4,Manager,4,Single,15242,9645,1,Yes,23,4,3,0,13,0,3,9,3,2,8
22,1,Travel_Rarely,1376,Research & Development,3,3,Other,1,Male,77,4,1,Laboratory Technician,1,Divorced,5569,17544,0,No,21,4,3,0,4,5,4,1,1,0,0
37,0,Travel_Rarely,560,Human Resources,24,2,Human Resources,1,Female,66,2,5,Manager,3,Divorced,18925,7291,3,No,16,3,3,2,19,2,2,11,6,5,1
27,0,Travel_Rarely,1490,Research & Development,14,3,Life Sciences,4,Female,96,3,1,Research Scientist,2,Single,4715,5904,7,No,23,4,3,1,2,5,4,1,0,0,1
31,0,Travel_Frequently,130,Sales,6,3,Marketing,4,Female,50,4,1,Sales Representative,4,Married,5117,16863,6,Yes,11,3,3,1,5,5,3,2,2,1,0
27,0,Travel_Rarely,1279,Sales,3,3,Marketing,2,Male,48,3,5,Manager,4,Married,18355,7700,8,No,14,3,2,3,10,3,3,10,1,5,1
31,0,Travel_Rarely,575,Research & Development,26,5,Technical Degree,3,Female,77,2,3,Healthcare Representative,2,Married,11839,11382,6,No,15,3,1,2,6,2,3,3,2,3,0
42,0,Travel_Rarely,706,Research & Development,27,4,Technical Degree,3,Male,91,4,4,Research Director,4,Divorced,14960,24656,0,Yes,25,4,2,0,12,2,3,6,0,6,5
40,0,Travel_Frequently,588,Sales,29,3,Marketing,4,Female,89,1,1,Sales Representative,4,Married,5444,8879,0,No,21,4,4,1,2,3,3,1,0,0,1
46,1,Travel_Rarely,235,Sales,8,3,Other,4,Male,42,4,2,Sales Executive,1,Single,8556,24483,2,No,16,3,4,1,8,3,1,5,4,2,4
49,1,Travel_Rarely,1074,Sales,25,2,Life Sciences,3,Female,53,2,5,Manager,2,Single,19190,18798,7,No,13,3,4,0,24,3,3,14,12,11,3
56,0,Non-Travel,732,Sales,26,2,Medical,4,Male,62,3,4,Manager,4,Divorced,15194,13849,4,No,19,3,1,0,13,0,2,3,2,1,0
58,1,Travel_Rarely,1228,Research & Development,24,3,Medical,1,Female,35,3,2,Healthcare Representative,3,Single,8431,14445,3,Yes,21,4,3,2,5,1,2,1,1,1,1
52,0,Travel_Frequently,867,Research & Development,7,1,Technical Degree,2,Male,54,2,2,Manufacturing Director,4,Married,8648,16680,8,No,16,3,4,1,10,3,3,1,1,0,1
45,1,Travel_Rarely,132,Sales,10,3,Life Sciences,1,Male,33,4,1,Sales Representative,1,Single,5094,9418,3,Yes,25,4,4,1,5,6,2,4,2,4,3
50,1,Travel_Rarely,216,Research & Development,12,2,Other,2,Female,92,3,2,Research Scientist,2,Divorced,8820,4879,3,No,16,3,2,1,5,3,1,4,0,0,2
57,1,Travel_Rarely,636,Sales,16,3,Marketing,1,Female,66,3,2,Sales Executive,2,Divorced,9018,11419,2,Yes,11,3,1,3,6,2,2,2,1,0,2
44,0,Travel_Rarely,367,Research & Development,13,3,Life Sciences,4,Female,56,3,1,Laboratory Technician,1,Married,5513,6801,3,No,22,4,2,1,3,4,3,2,1,2,0
26,1,Travel_Rarely,402,Research & Development,29,1,Technical Degree,1,Male,31,2,5,Manager,1,Single,17752,14075,6,No,18,3,3,0,10,3,2,9,2,8,2
59,0,Travel_Frequently,327,Research & Development,2,4,Other,4,Female,76,3,2,Healthcare Representative,2,Married,8179,26433,6,No,16,3,1,0,6,3,4,4,3,4,4
44,0,Travel_Rarely,562,Research & Development,18,4,Life Sciences,2,Female,36,2,5,Manager,3,Single,19096,22044,2,Yes,13,3,2,1,18,0,3,16,7,11,11
45,0,Non-Travel,1303,Research & Development,20,3,Life Sciences,4,Male,60,3,5,Research Director,3,Married,18347,2982,1,No,24,4,1,0,15,3,3,15,9,11,4
51,0,Travel_Frequently,223,Research & Development,4,3,Life Sciences,1,Female,75,2,4,Research Director,3,Married,15854,17003,7,Yes,23,4,4,2,15,2,4,13,8,9,4
22,0,Travel_Frequently,1191,Research & Development,11,4,Medical,2,Male,33,4,1,Research Scientist,1,Divorced,5402,16993,7,No,25,4,2,1,3,3,2,3,1,1,2
39,0,Travel_Rarely,488,Human Resources,27,4,Other,4,Female,55,2,1,Human Resources,1,Married,5877,12452,8,No,11,3,3,1,5,2,3,1,0,1,0
57,0,Non-Travel,789,Research & Development,6,1,Technical Degree,1,Female,36,3,3,Healthcare Representative,4,Married,12363,8743,1,Yes,23,4,2,1,12,3,3,9,3,7,9
54,0,Travel_Rarely,1314,Sales,18,4,Life Sciences,3,Female,66,1,4,Manager,4,Married,15145,8726,1,No,17,3,4,1,15,2,3,12,12,3,5
59,0,Travel_Rarely,848,Research & Development,17,1,Other,1,Male,51,3,1,Research Scientist,4,Single,4942,8005,5,No,15,3,4,1,2,3,3,2,1,0,1
32,0,Travel_Rarely,414,Research & Development,4,2,Other,1,Male,76,4,5,Research Director,4,Married,18636,17927,7,Yes,11,3,2,1,14,2,4,4,1,3,1
48,1,Travel_Frequently,155,Research & Development,3,4,Life Sciences,3,Male,77,2,2,Manufacturing Director,1,Single,8248,16691,1,No,11,3,2,1,6,3,2,1,0,0,0
59,0,Travel_Frequently,324,Research & Development,27,4,Other,4,Female,51,3,4,Research Director,4,Single,15329,26523,5,No,23,4,3,0,10,3,3,8,4,2,7
46,0,Travel_Rarely,1204,Research & Development,5,3,Technical Degree,4,Female,47,3,5,Manager,4,Single,18173,23496,6,No,14,3,4,1,15,5,2,3,0,2,3
34,0,Travel_Rarely,610,Research & Development,6,3,Medical,2,Female,35,3,5,Manager,4,Married,18576,7968,3,No,16,3,2,0,16,3,3,10,4,6,10
29,0,Non-Travel,779,Research & Development,26,4,Other,2,Male,98,3,5,Manager,4,Married,18423,6690,5,No,21,4,2,1,11,3,4,3,2,1,3
29,1,Travel_Frequently,1167,Research & Development,7,3,Life Sciences,3,Female,72,3,2,Research Scientist,2,Divorced,8330,20986,3,No,25,4,2,1,8,2,3,2,2,2,2
21,1,Travel_Rarely,311,Sales,21,4,Marketing,4,Female,81,1,4,Manager,3,Married,14411,18542,8,No,22,4,4,0,8,2,3,3,0,1,3
49,1,Travel_Frequently,692,Research & Development,20,4,Medical,1,Female,89,3,2,Healthcare Representative,3,Single,9277,14085,2,No,23,4,3,0,10,6,2,9,3,8,0
24,0,Travel_Frequently,419,Research & Development,18,4,Other,2,Female,38,2,3,Manufacturing Director,4,Single,11330,8368,6,No,20,4,3,2,6,2,3,6,0,5,1
50,0,Travel_Rarely,1381,Sales,13,3,Medical,3,Female,35,3,1,Sales Representative,3,Single,5048,12780,8,No,20,4,3,2,5,2,3,3,0,2,1
29,0,Travel_Rarely,1163,Research & Development,19,4,Technical Degree,4,Male,95,4,2,Research Scientist,1,Married,8093,20767,0,No,14,3,4,0,4,4,3,1,1,1,1
53,0,Travel_Rarely,327,Human Resources,29,1,Medical,2,Female,91,3,5,Manager,1,Single,18243,16652,0,No,21,4,3,0,17,2,3,13,4,11,12
59,1,Travel_Frequently,1487,Sales,21,3,Medical,1,Male,31,2,1,Sales Representative,3,Single,5581,8911,4,No,23,4,1,1,5,2,2,2,1,1,2
52,0,Travel_Rarely,1493,Sales,8,3,Other,3,Male,32,2,5,Manager,2,Married,19571,20665,6,No,17,3,3,1,21,1,2,21,6,18,3
23,1,Travel_Rarely,938,Sales,29,3,Marketing,3,Male,64,3,1,Sales Representative,4,Single,5056,21933,3,No,25,4,4,1,2,4,2,1,1,1,1
56,0,Travel_Rarely,1446,Sales,15,2,Marketing,1,Female,42,4,4,Manager,4,Single,14657,22282,6,No,16,3,2,1,10,0,2,9,6,5,2
22,1,Travel_Frequently,1224,Research & Development,26,4,Technical Degree,4,Female,77,3,2,Laboratory Technician,1,Single,8741,19600,3,No,15,3,4,0,4,2,3,3,3,0,2
38,1,Travel_Rarely,572,Research & Development,24,3,Other,1,Female,73,3,1,Laboratory Technician,4,Married,5595,5525,4,Yes,24,4,1,1,3,0,3,2,2,0,0
57,0,Travel_Frequently,206,Research & Development,10,4,Technical Degree,3,Male,68,3,2,Manufacturing Director,3,Married,8051,8480,4,No,19,3,4,1,5,4,2,1,1,1,0
40,0,Travel_Rarely,1224,Research & Development,17,4,Other,1,Female,33,3,2,Manufacturing Director,4,Married,8370,21411,6,No,15,3,2,1,6,3,3,5,1,4,5
41,0,Travel_Rarely,1498,Research & Development,3,4,Medical,2,Male,51,2,2,Healthcare Representative,4,Divorced,8393,14654,2,No,12,3,2,1,7,2,3,2,2,0,1
38,0,Travel_Rarely,1280,Research & Development,6,4,Technical Degree,2,Female,86,3,3,Healthcare Representative,3,Single,12250,26480,8,Yes,18,3,4,0,12,3,3,12,1,1,7
29,0,Travel_Frequently,221,Research & Development,21,4,Other,1,Male,63,2,2,Healthcare Representative,1,Married,8428,18542,5,No,16,3,1,3,9,2,3,6,3,0,2
34,1,Travel_Rarely,1352,Research & Development,23,3,Technical Degree,2,Female,98,2,2,Manufacturing Director,2,Single,8706,9309,0,No,24,4,4,0,10,2,3,2,0,0,2
24,0,Travel_Rarely,650,Research & Development,5,2,Technical Degree,1,Male,47,3,4,Research Director,4,Divorced,14673,12626,2,Yes,12,3,4,0,8,2,3,4,3,2,0
45,1,Travel_Rarely,444,Sales,18,4,Other,3,Female,89,4,1,Sales Representative,4,Married,5258,17023,2,Yes,25,4,4,1,2,3,3,2,2,0,2
32,0,Travel_Rarely,414,Research & Development,15,4,Technical Degree,4,Female,50,3,1,Research Scientist,2,Married,5015,7135,1,Yes,11,3,1,2,5,3,4,5,3,5,2
24,0,Travel_Rarely,835,Research & Development,18,5,Other,4,Male,65,3,1,Research Scientist,2,Single,5602,14129,7,No,22,4,2,1,5,3,4,3,1,2,3
32,0,Travel_Rarely,840,Research & Development,26,1,Technical Degree,3,Male,84,1,4,Manager,1,Single,14652,17465,1,No,21,4,3,1,11,3,3,8,0,8,5
52,0,Travel_Frequently,916,Research & Development,25,4,Medical,3,Male,47,1,4,Manager,3,Married,15735,19059,1,No,22,4,4,0,14,3,2,14,10,13,7
44,0,Travel_Frequently,997,Sales,5,1,Life Sciences,2,Male,38,4,2,Sales Executive,2,Married,8665,16125,3,No,11,3,3,2,10,2,3,9,7,7,2
46,1,Travel_Rarely,1096,Research & Development,21,3,Other,3,Male,90,2,1,Research Scientist,1,Divorced,5434,9578,3,Yes,23,4,4,0,4,2,3,3,3,3,1
27,0,Travel_Rarely,1192,Research & Development,10,3,Technical Degree,3,Female,84,3,4,Manager,1,Married,14978,12316,6,No,16,3,4,1,9,2,3,4,2,1,3
52,0,Travel_Rarely,306,Research & Development,1,3,Life Sciences,4,Male,91,2,2,Healthcare Representative,1,Divorced,9214,21684,0,No,15,3,3,1,8,2,3,3,0,1,2
37,1,Travel_Rarely,1076,Research & Development,23,5,Technical Degree,3,Female,33,3,1,Research Scientist,2,Single,5176,15207,4,No,17,3,3,0,3,3,3,3,0,0,2
38,0,Travel_Rarely,672,Sales,11,4,Other,4,Male,65,4,5,Manager,4,Married,19354,10013,8,No,15,3,4,0,20,3,3,11,8,9,8
48,0,Travel_Rarely,308,Research & Development,1,4,Medical,1,Female,99,3,2,Manufacturing Director,4,Married,8545,15722,7,No,18,3,3,1,5,2,2,2,1,2,1
45,0,Travel_Frequently,1046,Research & Development,22,1,Other,3,Male,92,3,4,Manager,2,Divorced,15334,10327,2,No,12,3,4,0,15,0,4,3,1,2,2
32,0,Travel_Rarely,854,Research & Development,27,3,Technical Degree,2,Female,58,3,3,Healthcare Representative,3,Single,12380,10892,6,No,22,4,3,1,10,6,3,6,3,2,6
36,0,Travel_Rarely,236,Sales,11,4,Other,2,Male,93,3,1,Sales Representative,2,Married,4979,13470,4,No,18,3,4,0,4,2,3,2,0,0,0
48,0,Travel_Rarely,142,Sales,10,3,Life Sciences,1,Female,80,3,3,Sales Executive,4,Married,11992,3116,7,No,17,3,2,1,12,2,3,6,3,3,6
44,0,Travel_Rarely,810,Research & Development,21,2,Life Sciences,1,Male,49,1,5,Research Director,4,Single,18816,20165,3,No,21,4,3,1,21,3,3,21,16,8,20
20,0,Travel_Rarely,1487,Research & Development,5,4,Other,2,Male,31,3,4,Research Director,3,Married,15157,17146,3,No,23,4,2,0,8,3,3,7,5,6,3
24,0,Travel_Rarely,254,Sales,27,2,Marketing,4,Male,85,2,5,Manager,4,Married,18106,26260,0,No,24,4,4,1,10,2,3,2,2,2,2
50,1,Travel_Rarely,270,Research & Development,12,1,Life Sciences,2,Male,42,2,3,Manufacturing Director,1,Married,11594,11831,7,Yes,19,3,4,0,8,3,3,7,3,6,4
33,0,Travel_Rarely,760,Research & Development,19,3,Life Sciences,3,Male,58,3,3,Manufacturing Director,4,Divorced,11584,2188,5,No,24,4,1,1,8,2,2,5,1,2,2
51,1,Travel_Rarely,613,Human Resources,21,5,Human Resources,2,Female,30,2,1,Human Resources,2,Married,4932,15550,3,Yes,17,3,1,2,2,2,4,2,1,2,1
53,1,Travel_Rarely,154,Sales,19,3,Other,1,Female,51,1,1,Sales Representative,2,Single,5543,24949,5,No,12,3,4,1,2,3,3,2,1,1,2
27,1,Travel_Rarely,116,Research & Development,20,5,Other,4,Female,88,3,1,Research Scientist,3,Single,5589,17344,0,Yes,16,3,2,0,3,3,3,2,1,1,1
25,0,Travel_Rarely,983,Research & Development,10,4,Technical Degree,4,Male,90,3,1,Research Scientist,1,Divorced,5496,12884,5,Yes,19,3,2,2,2,3,4,1,0,1,1
34,0,Travel_Rarely,129,Research & Development,25,4,Other,1,Female,36,3,3,Manufacturing Director,1,Single,12067,16219,4,No,18,3,3,1,15,3,3,11,7,2,7
49,0,Travel_Rarely,986,Research & Development,28,2,Medical,2,Male,61,1,3,Healthcare Representative,4,Married,11758,22206,6,No,22,4,2,1,9,3,3,6,3,4,6
22,0,Travel_Rarely,1037,Research & Development,26,3,Other,1,Male,61,2,4,Manager,3,Divorced,14464,26787,5,No,24,4,4,0,8,2,1,6,2,0,1
29,0,Travel_Rarely,1195,Research & Development,18,4,Life Sciences,2,Male,73,2,2,Laboratory Technician,3,Single,8565,10890,0,Yes,23,4,4,1,4,3,3,1,0,1,1
37,0,Travel_Frequently,620,Sales,4,4,Life Sciences,4,Male,47,2,5,Manager,4,Married,17965,2789,8,No,13,3,1,1,14,3,3,11,3,1,0
55,0,Travel_Rarely,1273,Sales,10,2,Other,3,Male,94,3,2,Sales Executive,4,Married,8248,2159,0,Yes,24,4,4,2,6,2,3,3,3,2,2
57,0,Travel_Rarely,741,Research & Development,2,3,Technical Degree,4,Male,40,4,5,Manager,4,Single,18381,19816,6,Yes,23,4,3,0,12,3,3,3,3,2,0
57,0,Travel_Rarely,1158,Research & Development,28,3,Other,4,Female,48,1,4,Manager,2,Married,15711,17641,1,No,13,3,1,1,20,3,2,20,15,13,2
56,0,Travel_Rarely,728,Research & Development,2,3,Life Sciences,4,Male,36,3,5,Research Director,1,Single,19213,11662,6,No,21,4,3,0,18,6,3,4,1,0,4
54,1,Travel_Rarely,996,Sales,21,3,Marketing,1,Female,68,3,4,Manager,2,Single,15077,13315,8,No,22,4,4,0,12,1,3,12,8,8,3
28,0,Travel_Rarely,1407,Research & Development,22,5,Other,3,Male,67,4,4,Research Director,4,Divorced,15000,7185,3,No,13,3,1,0,10,2,3,10,10,1,6
58,0,Travel_Rarely,1353,Research & Development,5,4,Life Sciences,2,Female,84,3,3,Manufacturing Director,3,Single,12389,20602,7,Yes,23,4,4,1,11,5,3,3,1,0,1
48,1,Travel_Rarely,1095,Sales,8,3,Other,4,Male,47,3,4,Manager,3,Single,15053,10369,8,Yes,14,3,3,0,13,4,2,3,3,2,1
51,0,Non-Travel,1290,Sales,14,3,Marketing,3,Male,63,2,2,Sales Executive,2,Divorced,9134,16823,5,No,24,4,3,1,10,6,1,4,3,0,3
20,0,Travel_Rarely,470,Research & Development,23,2,Life Sciences,3,Male,54,2,2,Research Scientist,3,Married,8448,21705,0,No,13,3,2,1,4,3,3,3,2,2,3
33,1,Travel_Rarely,491,Research & Development,15,2,Other,2,Male,89,2,1,Laboratory Technician,2,Divorced,4967,12019,2,No,17,3,4,0,4,3,3,4,2,4,0
37,0,Travel_Rarely,460,Research & Development,15,2,Other,2,Male,86,4,5,Manager,4,Single,18672,20242,5,Yes,14,3,3,0,19,3,2,14,8,1,3
53,0,Travel_Rarely,1488,Research & Development,4,3,Other,3,Male,82,3,2,Manufacturing Director,4,Married,9189,18175,1,No,16,3,4,0,10,0,4,8,8,4,7
50,0,Travel_Rarely,668,Research & Development,25,4,Life Sciences,3,Female,83,3,4,Research Director,3,Married,15240,6604,7,No,22,4,4,3,10,3,3,9,1,2,6
44,0,Travel_Rarely,509,Research & Development,20,4,Technical Degree,3,Male,46,3,2,Manufacturing Director,4,Married,8820,7210,6,No,23,4,3,2,4,2,3,3,2,3,1
33,0,Non-Travel,981,Research & Development,22,1,Other,2,Female,59,3,4,Manager,1,Married,15915,23722,0,No,15,3,4,0,15,3,3,13,12,2,4
50,0,Travel_Frequently,1210,Sales,13,3,Life Sciences,3,Male,81,1,1,Sales Representative,3,Divorced,5220,2452,4,Yes,16,3,3,0,5,2,4,3,1,3,2
47,1,Travel_Rarely,374,Sales,16,3,Medical,1,Male,94,2,1,Sales Representative,2,Married,5319,16134,2,No,14,3,4,1,3,5,3,1,1,1,1
35,0,Travel_Rarely,520,Sales,6,4,Life Sciences,4,Male,86,2,3,Sales Executive,1,Married,11961,12548,5,Yes,24,4,2,0,6,2,3,1,0,0,0
36,1,Travel_Rarely,1231,Sales,23,3,Marketing,1,Female,57,2,4,Manager,1,Divorced,16206,20116,8,No,22,4,4,0,18,3,2,14,9,4,11
51,0,Travel_Rarely,428,Research & Development,13,3,Medical,1,Male,99,3,2,Healthcare Representative,1,Divorced,8398,14732,8,No,20,4,3,0,8,2,3,1,1,0,1
59,0,Travel_Rarely,393,Research & Development,11,4,Other,3,Male,67,1,2,Manufacturing Director,4,Married,8592,15805,4,Yes,21,4,3,1,8,2,1,1,0,0,1
57,0,Travel_Rarely,442,Human Resources,10,1,Other,1,Female,92,2,4,Manager,1,Married,15769,9492,3,No,25,4,4,0,19,4,4,1,0,1,0
59,0,Travel_Rarely,1366,Research & Development,1,3,Technical Degree,4,Female,75,1,1,Research Scientist,3,Married,5385,26985,6,No,19,3,1,1,4,2,2,3,0,1,1
35,0,Travel_Rarely,401,Research & Development,13,3,Life Sciences,3,Male,39,3,3,Manufacturing Director,2,Single,12139,23920,0,No,16,3,3,3,8,1,3,2,0,0,0
38,1,Travel_Rarely,792,Research & Development,5,4,Technical Degree,1,Male,95,2,5,Research Director,3,Married,18113,18304,1,Yes,14,3,4,1,16,2,3,4,3,3,4
20,0,Travel_Rarely,1408,Research & Development,27,4,Technical Degree,2,Male,65,3,1,Laboratory Technician,2,Married,5369,17344,5,No,20,4,3,2,2,0,3,1,0,1,0
32,0,Travel_Frequently,1299,Sales,5,4,Other,4,Male,99,1,1,Sales Representative,2,Married,5476,18173,7,No,19,3,2,1,4,3,3,1,1,1,1
36,0,Travel_Rarely,290,Sales,6,3,Life Sciences,4,Male,92,2,1,Sales Representative,3,Divorced,5677,11048,8,No,24,4,1,0,4,2,3,3,2,2,3
43,0,Travel_Rarely,239,Research & Development,20,3,Life Sciences,4,Male,57,3,1,Laboratory Technician,4,Married,5245,8241,3,No,16,3,2,0,2,3,3,1,0,1,1
32,1,Travel_Rarely,1405,Research & Development,1,4,Other,1,Female,51,3,2,Manufacturing Director,3,Divorced,8815,22604,0,No,23,4,2,0,5,2,4,1,1,0,1
46,0,Travel_Rarely,155,Sales,25,4,Other,2,Female,34,4,4,Manager,4,Single,14368,11796,1,No,14,3,3,3,8,2,4,2,1,2,1
41,0,Travel_Rarely,1010,Sales,26,4,Marketing,3,Male,34,2,4,Manager,1,Single,15209,8024,6,No,19,3,3,2,11,3,3,2,2,2,0
56,0,Travel_Rarely,505,Research & Development,19,4,Medical,3,Male,97,3,2,Manufacturing Director,3,Single,8186,17855,6,No,21,4,4,3,6,0,2,4,3,3,0
26,0,Travel_Rarely,259,Research & Development,13,3,Life Sciences,4,Male,43,3,2,Manufacturing Director,2,Single,8004,18780,6,No,12,3,2,2,5,3,3,2,2,0,0
34,0,Travel_Rarely,127,Research & Development,19,4,Life Sciences,3,Female,56,3,2,Laboratory Technician,3,Divorced,8313,17301,0,No,16,3,1,2,5,3,1,1,0,0,0
52,1,Travel_Rarely,1195,Sales,2,3,Other,3,Female,90,3,1,Sales Representative,2,Single,4911,17380,0,No,22,4,2,0,3,2,1,1,1,1,0
59,0,Travel_Rarely,211,Sales,6,2,Other,4,Male,81,2,3,Sales Executive,3,Married,12355,20686,6,Yes,13,3,4,0,9,6,3,9,6,8,5
47,0,Travel_Rarely,1140,Research & Development,20,4,Technical Degree,2,Male,72,3,3,Manufacturing Director,4,Married,12037,4043,1,No,11,3,4,1,6,2,3,4,2,1,2
43,1,Travel_Rarely,189,Research & Development,20,3,Other,4,Male,84,1,2,Healthcare Representative,2,Single,8582,24218,4,No,25,4,4,1,10,2,3,4,0,0,3
44,0,Non-Travel,1246,Research & Development,25,3,Technical Degree,4,Female,69,3,5,Manager,2,Single,18054,4216,8,No,16,3,2,0,14,3,3,5,1,4,3
34,1,Travel_Rarely,463,Research & Development,7,3,Other,4,Female,43,3,1,Laboratory Technician,1,Married,5856,13286,6,Yes,25,4,4,1,4,5,2,3,0,3,0
45,1,Travel_Rarely,1037,Research & Development,24,2,Other,3,Male,48,3,1,Laboratory Technician,1,Married,5743,25079,3,Yes,15,3,3,2,4,6,3,2,2,1,2
33,1,Travel_Rarely,470,Research & Development,3,3,Medical,1,Male,32,2,2,Laboratory Technician,4,Married,7975,21282,8,Yes,11,3,1,1,4,1,3,4,1,0,1
32,0,Travel_Rarely,1125,Sales,19,4,Other,1,Female,46,1,1,Sales Representative,2,Married,5061,6439,3,No,22,4,1,3,3,3,3,1,0,0,0
45,0,Travel_Rarely,1087,Research & Development,13,2,Technical Degree,4,Female,47,3,5,Manager,1,Single,18817,4281,2,Yes,18,3,3,0,16,1,3,15,0,4,12
44,0,Travel_Frequently,466,Sales,3,2,Marketing,2,Female,86,1,4,Manager,2,Married,14896,20436,6,No,23,4,3,1,8,4,4,8,4,4,1
45,1,Travel_Rarely,686,Research & Development,3,4,Other,1,Female,35,4,5,Research Director,4,Divorced,19558,8120,2,Yes,24,4,4,0,25,2,4,24,5,19,20
25,0,Travel_Rarely,179,Research & Development,26,3,Life Sciences,3,Female,67,3,4,Manager,3,Single,14629,6965,6,No,19,3,1,3,8,2,3,8,4,7,1
36,1,Travel_Rarely,720,Research & Development,21,3,Other,2,Female,72,4,2,Laboratory Technician,4,Single,8930,24857,4,Yes,19,3,1,0,8,2,4,5,1,0,4
58,0,Travel_Frequently,186,Research & Development,18,1,Medical,4,Male,47,4,4,Manager,1,Married,16124,8846,1,No,14,3,1,1,19,3,3,9,9,7,3
57,0,Travel_Rarely,561,Research & Development,14,2,Life Sciences,3,Male,70,3,2,Healthcare Representative,4,Divorced,9285,14264,1,No,19,3,2,0,9,2,3,4,4,0,4
31,0,Travel_Frequently,154,Research & Development,9,1,Medical,2,Female,93,3,4,Research Director,3,Married,15664,18941,7,No,21,4,2,0,13,2,3,9,5,7,1
49,0,Travel_Rarely,148,Sales,10,4,Life Sciences,2,Male,38,4,2,Sales Executive,4,Divorced,8867,4254,4,No,17,3,3,1,9,2,3,1,0,0,1
37,0,Travel_Rarely,1033,Research & Development,12,2,Other,4,Male,55,2,1,Laboratory Technician,4,Divorced,5498,5963,7,No,23,4,2,0,4,2,2,1,0,1,1
50,0,Travel_Rarely,1037,Sales,26,3,Marketing,3,Female,54,4,2,Sales Executive,4,Divorced,8157,26401,6,No,17,3,2,2,5,0,2,4,0,2,0
30,0,Travel_Rarely,1495,Sales,29,3,Marketing,4,Male,51,1,4,Manager,4,Single,14810,2596,5,Yes,12,3,3,0,11,2,1,11,10,0,11
46,0,Travel_Rarely,1019,Research & Development,4,3,Life Sciences,4,Male,42,3,5,Manager,1,Married,17923,22603,6,No,14,3,2,2,13,2,1,2,0,2,2
45,0,Travel_Rarely,509,Research & Development,17,4,Life Sciences,3,Male,34,1,2,Laboratory Technician,4,Single,9182,14296,8,Yes,17,3,3,0,8,3,3,8,2,5,1
29,1,Travel_Rarely,1313,Research & Development,22,3,Other,1,Female,81,3,1,Laboratory Technician,1,Single,4807,16072,0,No,21,4,4,1,2,0,3,1,1,0,1
35,1,Travel_Frequently,1297,Sales,11,5,Other,2,Male,40,3,1,Sales Representative,2,Divorced,5412,3702,7,No,12,3,4,1,4,2,3,3,2,3,2
40,0,Travel_Rarely,393,Research & Development,24,2,Other,4,Male,55,4,4,Manager,2,Divorced,15545,7628,6,Yes,16,3,3,2,19,3,3,8,6,1,4
36,0,Travel_Rarely,114,Research & Development,4,4,Other,2,Male,86,2,3,Manufacturing Director,1,Single,12468,5135,2,No,16,3,2,2,15,3,3,1,1,0,1
39,0,Travel_Frequently,671,Research & Development,15,3,Medical,1,Female,81,3,1,Laboratory Technician,3,Divorced,4945,20784,3,Yes,17,3,1,1,2,2,3,1,1,0,1
41,1,Travel_Rarely,398,Research & Development,20,3,Technical Degree,2,Male,89,4,1,Laboratory Technician,4,Single,5869,2973,4,No,24,4,1,1,5,3,3,1,1,0,1
42,0,Travel_Rarely,1338,Research & Development,21,3,Other,4,Female,57,1,4,Research Director,3,Single,15702,12216,5,No,23,4,4,1,19,2,3,2,0,1,2
35,1,Travel_Rarely,232,Research & Development,19,3,Medical,3,Male,87,2,2,Healthcare Representative,4,Single,8672,6220,8,Yes,21,4,4,1,5,5,3,5,0,4,1
34,0,Travel_Rarely,1070,Research & Development,15,4,Medical,3,Female,45,3,5,Manager,3,Single,18816,4749,4,No,11,3,2,1,14,2,3,14,6,11,9
24,1,Travel_Rarely,586,Research & Development,22,3,Life Sciences,1,Male,65,3,2,Laboratory Technician,2,Married,8169,5226,8,No,11,3,1,3,4,2,3,4,4,4,4
38,0,Travel_Rarely,526,Research & Development,20,3,Technical Degree,4,Male,46,3,1,Laboratory Technician,3,Single,5891,12802,7,No,14,3,2,0,4,3,2,3,1,0,2
34,0,Travel_Rarely,1405,Research & Development,20,3,Medical,1,Female,89,4,5,Research Director,3,Single,18461,15439,7,Yes,23,4,3,0,12,5,3,3,0,1,2
27,0,Travel_Rarely,1226,Research & Development,18,5,Life Sciences,3,Male,84,2,1,Laboratory Technician,3,Divorced,5383,10696,4,No,18,3,2,1,3,3,2,3,0,3,1
26,0,Travel_Rarely,540,Research & Development,6,1,Medical,3,Female,57,3,5,Research Director,3,Married,17505,22835,3,No,17,3,4,2,10,2,3,3,3,3,3
31,0,Travel_Rarely,1161,Research & Development,13,3,Other,3,Male,57,2,1,Research Scientist,3,Single,5456,19696,8,No,18,3,3,1,3,2,1,3,3,3,3
25,1,Travel_Frequently,707,Research & Development,9,4,Other,1,Male,81,2,5,Manager,2,Single,17952,8237,7,Yes,15,3,4,2,10,2,3,4,3,0,3
51,0,Travel_Rarely,685,Research & Development,26,1,Other,4,Male,36,3,1,Laboratory Technician,2,Single,5845,5501,2,No,20,4,4,2,4,5,3,2,2,2,0
20,0,Travel_Rarely,479,Research & Development,22,3,Technical Degree,3,Male,66,3,1,Laboratory Technician,3,Divorced,4879,22141,7,No,19,3,3,0,2,4,3,2,1,1,2
22,0,Travel_Rarely,139,Research & Development,29,1,Medical,4,Male,88,2,2,Laboratory Technician,3,Married,8664,12558,4,No,13,3,3,1,4,4,4,4,2,4,0
35,0,Travel_Rarely,1257,Research & Development,5,3,Technical Degree,3,Female,87,2,5,Manager,4,Divorced,18386,17620,4,No,23,4,4,2,17,2,2,11,7,8,4
50,0,Travel_Rarely,1092,Research & Development,28,1,Other,1,Female,57,3,4,Manager,3,Divorced,15865,12087,3,No,13,3,4,3,18,2,3,6,5,2,3
40,0,Travel_Frequently,253,Sales,14,3,Medical,4,Female,83,3,3,Sales Executive,2,Single,11467,14812,6,No,23,4,4,1,9,4,3,8,0,4,8
29,0,Travel_Rarely,572,Research & Development,18,3,Technical Degree,4,Male,41,2,3,Manufacturing Director,3,Married,11789,11399,7,Yes,23,4,1,0,7,2,2,5,5,3,5
26,1,Travel_Rarely,106,Sales,22,1,Other,3,Male,83,4,2,Sales Executive,4,Married,8366,9210,5,Yes,14,3,4,1,7,4,2,5,0,5,3
28,0,Travel_Frequently,1086,Sales,18,4,Other,1,Male,88,1,2,Sales Executive,4,Married,8777,25581,3,Yes,21,4,3,2,4,1,3,1,1,1,0
21,0,Travel_Rarely,182,Sales,8,3,Medical,4,Male,51,3,1,Sales Representative,4,Married,5406,25144,6,No,15,3,1,0,3,2,3,2,1,2,0
25,0,Non-Travel,708,Sales,15,3,Medical,1,Male,89,4,1,Sales Representative,1,Divorced,5000,2881,3,No,21,4,2,0,2,2,2,1,1,0,0
47,0,Travel_Frequently,633,Research & Development,5,3,Medical,4,Female,46,2,2,Manufacturing Director,2,Married,8846,13194,5,No,23,4,4,0,10,3,2,4,2,0,4
41,1,Travel_Frequently,1253,Human Resources,23,4,Human Resources,2,Male,72,3,5,Manager,2,Married,18354,26672,6,No,15,3,3,1,14,2,3,12,3,6,3
32,1,Non-Travel,416,Research & Development,2,1,Technical Degree,4,Male,96,4,2,Research Scientist,2,Married,9053,22093,4,Yes,22,4,4,0,9,2,1,4,3,2,4
28,0,Travel_Rarely,145,Sales,20,3,Medical,2,Male,60,4,1,Sales Representative,3,Married,5724,20839,1,Yes,17,3,4,1,3,2,3,1,0,0,0
23,1,Travel_Frequently,275,Research & Development,12,3,Life Sciences,1,Female,52,3,4,Research Director,1,Divorced,14863,4427,1,No,15,3,2,0,8,3,3,1,0,1,0
58,0,Travel_Frequently,936,Research & Development,11,4,Life Sciences,3,Male,69,3,2,Research Scientist,2,Married,8505,18773,1,No,22,4,3,1,7,3,1,7,1,7,2
59,0,Travel_Rarely,267,Research & Development,15,1,Medical,4,Male,34,3,4,Research Director,3,Married,15772,21628,6,No,25,4,3,1,16,1,3,16,5,14,0
36,0,Travel_Rarely,808,Sales,28,3,Life Sciences,1,Male,37,1,1,Sales Representative,4,Married,5599,14850,5,No,15,3,4,3,4,3,3,2,0,2,2
50,0,Travel_Rarely,1249,Research & Development,25,1,Life Sciences,2,Male,98,1,4,Manager,4,Divorced,15290,11457,5,No,16,3,4,1,17,5,4,16,9,3,7
41,0,Travel_Rarely,688,Research & Development,24,3,Technical Degree,1,Female,33,4,2,Research Scientist,4,Single,8712,3656,1,No,22,4,1,0,8,2,3,1,0,0,1
57,0,Travel_Rarely,1235,Research & Development,19,3,Medical,3,Female,31,3,2,Research Scientist,2,Married,8580,19275,1,No,21,4,3,0,6,2,3,2,2,0,0
45,0,Travel_Rarely,199,Research & Development,19,1,Life Sciences,2,Male,56,3,4,Manager,3,Married,15230,8947,8,Yes,21,4,1,1,17,3,3,12,6,0,9
22,0,Travel_Rarely,681,Research & Development,26,3,Technical Degree,4,Male,60,2,4,Manager,1,Divorced,14596,22616,3,No,21,4,2,1,8,2,3,1,0,0,0
23,1,Travel_Frequently,1436,Research & Development,25,3,Other,4,Female,95,4,3,Manufacturing Director,1,Divorced,11354,10526,1,No,14,3,2,0,6,0,1,1,0,1,0
43,1,Travel_Rarely,1271,Research & Development,2,1,Life Sciences,3,Male,64,3,4,Manager,1,Single,15107,16255,7,Yes,13,3,4,1,8,6,3,8,4,7,7
37,0,Travel_Rarely,897,Research & Development,12,3,Other,2,Male,30,4,2,Laboratory Technician,1,Single,8377,24522,1,No,16,3,3,0,7,2,4,4,0,2,3
45,1,Travel_Rarely,129,Research & Development,15,2,Life Sciences,2,Male,74,3,4,Research Director,1,Married,16041,4839,0,Yes,14,3,3,1,20,2,2,6,5,6,6
32,0,Travel_Rarely,198,Research & Development,7,3,Other,2,Female,38,3,3,Manufacturing Director,1,Divorced,12255,26683,4,No,11,3,1,0,14,6,3,10,0,9,7
28,0,Travel_Rarely,993,Sales,16,1,Other,3,Female,44,3,4,Manager,4,Married,15311,4003,8,Yes,18,3,3,1,10,2,2,7,4,1,6
41,1,Travel_Frequently,1144,Research & Development,19,4,Medical,4,Female,70,1,2,Research Scientist,4,Married,8195,14448,5,Yes,19,3,2,0,4,4,3,1,1,0,1
51,0,Travel_Rarely,1175,Research & Development,25,3,Life Sciences,3,Male,94,2,2,Healthcare Representative,4,Single,8899,8098,8,Yes,16,3,1,1,10,0,3,6,4,0,6
35,0,Travel_Rarely,714,Research & Development,18,3,Other,2,Male,68,4,5,Research Director,2,Married,17755,19926,7,No,24,4,4,1,12,3,3,8,3,5,8
43,1,Travel_Frequently,189,Sales,2,3,Medical,2,Male,58,2,1,Sales Representative,4,Married,5844,24235,3,No,18,3,2,2,5,3,2,5,3,4,5
29,0,Travel_Rarely,117,Research & Development,5,2,Other,1,Female,82,3,4,Manager,4,Married,15092,7999,4,Yes,19,3,2,1,11,3,3,8,4,2,4
27,0,Travel_Frequently,1435,Research & Development,13,4,Medical,1,Female,82,3,3,Healthcare Representative,3,Single,12032,5924,2,No,13,3,3,1,9,4,3,8,0,6,8
37,0,Travel_Frequently,1067,Research & Development,16,2,Life Sciences,3,Male,58,1,2,Manufacturing Director,2,Divorced,9032,9313,6,No,15,3,1,0,8,2,3,7,2,3,7
36,1,Travel_Rarely,1418,Research & Development,17,5,Technical Degree,2,Male,40,4,2,Healthcare Representative,2,Married,8771,9639,7,No,14,3,4,1,10,5,3,2,2,1,2
58,1,Travel_Rarely,942,Research & Development,11,4,Life Sciences,2,Male,74,3,1,Laboratory Technician,3,Married,5215,3442,5,Yes,13,3,2,0,2,3,2,2,1,1,2
46,0,Travel_Rarely,1198,Sales,16,1,Life Sciences,3,Female,35,2,4,Manager,4,Single,15642,17258,6,No,20,4,2,0,12,3,3,5,3,5,3
56,0,Travel_Rarely,552,Research & Development,4,1,Other,2,Female,92,2,2,Manufacturing Director,3,Married,9026,16263,4,No,11,3,3,2,9,1,3,3,2,2,0
43,1,Travel_Frequently,830,Research & Development,23,4,Life Sciences,3,Male,48,3,3,Manufacturing Director,4,Divorced,12153,5110,8,No,17,3,3,2,8,2,3,8,0,4,0
24,0,Travel_Rarely,584,Research & Development,7,2,Life Sciences,4,Male,81,4,2,Manufacturing Director,4,Single,8266,7651,8,No,11,3,1,1,6,3,3,4,4,2,1
24,0,Travel_Rarely,1187,Research & Development,20,3,Technical Degree,2,Female,87,3,2,Manufacturing Director,4,Married,8125,18413,0,No,13,3,1,0,6,1,3,3,3,0,3
40,1,Travel_Rarely,1185,Sales,4,3,Life Sciences,2,Female,80,2,1,Sales Representative,3,Married,5643,9811,4,No,18,3,2,1,2,3,3,1,0,0,0
35,1,Travel_Frequently,754,Sales,7,2,Other,3,Female,90,2,4,Manager,4,Divorced,15299,5309,5,Yes,24,4,3,3,15,3,3,13,12,11,0
30,1,Travel_Rarely,321,Research & Development,14,4,Life Sciences,2,Male,88,2,1,Laboratory Technician,3,Divorced,5170,10567,1,Yes,19,3,4,1,5,2,4,1,0,0,1
59,0,Non-Travel,1437,Research & Development,29,3,Medical,2,Male,86,3,4,Manager,3,Married,15785,4294,1,No,16,3,1,2,18,3,3,11,5,8,5
43,0,Travel_Rarely,548,Sales,15,4,Medical,4,Female,94,3,1,Sales Representative,4,Divorced,5892,7885,8,No,21,4,3,1,5,2,3,1,0,1,0
53,1,Travel_Rarely,1257,Research & Development,6,1,Technical Degree,3,Female,79,3,2,Healthcare Representative,3,Married,8810,3543,4,No,18,3,3,0,6,5,3,2,1,0,2
24,0,Travel_Rarely,1165,Research & Development,2,1,Other,1,Female,56,3,1,Research Scientist,3,Married,4871,15185,4,No,16,3,4,0,3,3,3,3,3,3,2
31,0,Travel_Rarely,622,Research & Development,5,3,Life Sciences,3,Female,54,3,1,Laboratory Technician,4,Single,5515,10999,5,No,19,3,3,2,4,4,4,2,1,2,2
30,1,Travel_Frequently,292,Research & Development,21,1,Life Sciences,2,Male,47,2,2,Healthcare Representative,1,Divorced,8334,8535,2,Yes,19,3,2,0,7,2,1,1,1,1,1
20,0,Travel_Rarely,732,Research & Development,6,3,Other,3,Male,92,4,2,Healthcare Representative,1,Married,8607,10283,6,No,17,3,4,0,4,2,4,2,2,2,1
58,1,Travel_Rarely,832,Research & Development,19,4,Life Sciences,3,Male,67,4,2,Healthcare Representative,3,Married,8527,14872,5,Yes,11,3,3,0,8,3,2,6,5,4,4
42,0,Travel_Rarely,864,Research & Development,26,4,Technical Degree,4,Male,85,3,4,Research Director,4,Divorced,15605,13859,6,No,15,3,3,2,17,2,3,2,0,0,0
54,0,Travel_Rarely,404,Research & Development,11,2,Life Sciences,4,Male,56,3,4,Manager,1,Married,15382,4519,6,Yes,11,3,2,2,14,3,2,8,5,3,8
42,0,Travel_Rarely,753,Research & Development,19,4,Other,3,Male,39,4,5,Manager,2,Single,18392,24432,4,Yes,21,4,4,1,15,0,4,7,7,2,4
25,1,Travel_Rarely,1032,Research & Development,19,5,Life Sciences,2,Male,46,2,2,Laboratory Technician,3,Divorced,9157,24605,0,Yes,16,3,3,0,7,2,3,5,4,2,4
41,1,Travel_Frequently,808,Research & Development,15,3,Life Sciences,4,Female,98,2,1,Research Scientist,3,Married,5274,23227,0,No,17,3,4,1,5,3,3,3,3,0,1
32,0,Travel_Rarely,619,Sales,4,4,Marketing,4,Male,63,3,5,Manager,3,Married,18513,19480,6,Yes,19,3,2,0,14,6,3,6,1,0,5
28,1,Non-Travel,1488,Sales,22,3,Medical,1,Male,72,4,1,Sales Representative,3,Divorced,5328,18169,3,Yes,18,3,4,3,5,4,2,2,2,2,2
32,0,Travel_Rarely,1011,Research & Development,19,3,Technical Degree,1,Male,81,3,4,Research Director,4,Divorced,15067,21009,5,No,16,3,4,1,12,4,3,6,2,3,3
45,1,Travel_Rarely,1413,Research & Development,29,4,Life Sciences,3,Female,53,3,3,Healthcare Representative,1,Single,12184,16135,4,Yes,17,3,4,1,7,3,3,3,3,1,1
32,0,Travel_Rarely,104,Research & Development,4,3,Life Sciences,1,Male,90,1,2,Manufacturing Director,1,Married,8375,18771,0,No,18,3,3,1,5,1,1,4,0,2,3
59,0,Travel_Frequently,490,Research & Development,5,4,Other,4,Male,30,1,2,Manufacturing Director,4,Married,9165,6915,4,No,12,3,1,0,8,4,3,6,0,6,4
31,0,Travel_Frequently,1314,Research & Development,6,2,Other,3,Female,95,2,2,Manufacturing Director,4,Single,8652,2498,2,No,18,3,4,2,7,2,1,7,5,1,5
55,0,Travel_Rarely,329,Research & Development,5,2,Other,2,Female,56,2,3,Manufacturing Director,1,Married,11708,23236,2,Yes,22,4,3,1,9,3,3,4,1,4,3
33,0,Non-Travel,935,Research & Development,25,3,Other,1,Female,50,3,1,Laboratory Technician,3,Divorced,5369,20778,7,No,20,4,1,0,2,3,3,2,0,0,1
38,1,Travel_Frequently,1280,Research & Development,17,1,Life Sciences,1,Female,39,3,4,Research Director,2,Married,14632,18075,6,Yes,13,3,1,2,11,5,2,2,2,1,2
46,1,Non-Travel,686,Research & Development,19,3,Other,3,Male,36,3,2,Manufacturing Director,3,Single,7935,19893,1,No,13,3,4,0,4,2,2,2,1,1,1
51,1,Travel_Rarely,802,Research & Development,21,4,Life Sciences,1,Male,92,2,2,Manufacturing Director,3,Divorced,8923,20031,3,Yes,16,3,1,0,7,3,3,4,3,0,0
30,1,Travel_Frequently,1223,Sales,9,5,Marketing,2,Male,82,2,2,Sales Executive,3,Married,8525,25557,5,Yes,20,4,4,1,5,0,1,1,0,1,1
53,0,Travel_Rarely,369,Human Resources,7,4,Other,4,Male,62,1,5,Manager,3,Married,18389,19390,3,Yes,16,3,4,1,10,3,2,4,4,3,2
43,1,Travel_Frequently,247,Sales,14,2,Medical,2,Female,74,3,1,Sales Representative,1,Married,5428,14245,8,No,12,3,1,1,5,4,1,4,3,4,3
29,0,Travel_Rarely,1116,Sales,13,1,Life Sciences,1,Male,64,2,3,Sales Executive,1,Married,12190,18025,4,No,19,3,4,1,11,0,3,3,1,3,1
43,0,Travel_Rarely,131,Sales,19,2,Medical,2,Female,78,3,1,Sales Representative,1,Single,5506,21358,6,No,22,4,1,1,2,4,3,2,0,2,0
34,0,Travel_Rarely,1487,Sales,11,3,Marketing,4,Female,80,4,1,Sales Representative,4,Divorced,5831,23563,4,Yes,17,3,4,1,5,1,2,2,0,0,2
33,0,Travel_Frequently,212,Research & Development,26,2,Life Sciences,1,Male,68,3,2,Manufacturing Director,4,Married,8759,11491,4,Yes,11,3,3,1,9,3,3,2,2,1,2
57,1,Travel_Rarely,1335,Research & Development,17,2,Medical,3,Male,46,3,2,Healthcare Representative,1,Married,8217,3647,2,Yes,16,3,4,1,4,2,3,4,1,1,4
48,1,Travel_Rarely,776,Sales,5,1,Marketing,4,Female,89,3,1,Sales Representative,1,Married,5220,7431,2,Yes,20,4,1,1,2,1,2,1,0,0,0
26,1,Travel_Rarely,447,Sales,26,4,Marketing,2,Male,95,4,2,Sales Executive,3,Single,8338,13788,4,No,12,3,1,1,8,4,1,4,3,1,3
51,0,Travel_Rarely,994,Research & Development,16,4,Medical,1,Male,97,3,2,Manufacturing Director,4,Divorced,9373,3329,0,No,21,4,4,1,10,3,2,10,1,4,5
38,0,Travel_Frequently,1032,Sales,3,4,Medical,4,Female,49,3,1,Sales Representative,4,Married,5581,17104,7,Yes,19,3,4,1,4,3,4,4,3,0,0
55,0,Travel_Rarely,390,Research & Development,25,4,Other,2,Female,96,1,2,Manufacturing Director,3,Divorced,8609,22667,7,No,17,3,4,0,9,2,3,8,7,6,6
49,0,Travel_Rarely,372,Research & Development,14,3,Life Sciences,4,Female,79,3,1,Laboratory Technician,4,Single,5344,12111,5,No,16,3,3,0,5,2,4,5,0,2,1
58,0,Travel_Rarely,595,Sales,10,3,Life Sciences,2,Male,46,3,1,Sales Representative,2,Single,4957,15445,0,No,25,4,3,1,4,0,2,1,0,0,0
28,1,Travel_Rarely,1329,Research & Development,12,3,Medical,2,Male,81,3,2,Manufacturing Director,1,Single,9051,21615,8,No,11,3,4,1,8,6,3,2,1,1,2
29,0,Non-Travel,1333,Sales,9,3,Life Sciences,4,Male,72,2,1,Sales Representative,4,Divorced,5509,15855,5,No,11,3,3,0,4,6,3,1,1,1,1
38,1,Travel_Rarely,1354,Research & Development,2,1,Medical,1,Male,34,3,2,Healthcare Representative,2,Married,9392,24838,2,Yes,23,4,1,0,10,3,3,7,7,6,2
55,0,Non-Travel,480,Sales,9,1,Other,3,Female,31,3,2,Sales Executive,3,Single,8292,7722,1,No,23,4,2,0,6,3,1,2,2,1,2
20,0,Travel_Rarely,557,Research & Development,22,3,Medical,1,Male,74,3,3,Manufacturing Director,4,Married,11393,2732,3,No,20,4,2,0,6,4,2,5,3,0,2
50,0,Travel_Rarely,1179,Research & Development,5,3,Medical,1,Female,87,3,2,Healthcare Representative,2,Single,8624,19618,4,No,14,3,2,1,8,5,3,1,0,1,1
57,1,Travel_Rarely,1030,Sales,26,3,Other,4,Male,92,2,1,Sales Representative,4,Single,5922,2099,8,Yes,12,3,1,1,5,2,3,3,1,3,2
52,0,Travel_Rarely,1121,Research & Development,7,2,Medical,3,Male,64,3,3,Healthcare Representative,1,Married,12022,8312,7,No,24,4,4,1,11,2,1,10,3,7,6
54,1,Travel_Rarely,653,Sales,22,3,Marketing,2,Male,97,3,1,Sales Representative,2,Single,5197,26685,2,Yes,24,4,4,0,5,3,3,1,0,0,1
54,0,Non-Travel,764,Research & Development,3,4,Life Sciences,3,Female,87,1,2,Manufacturing Director,2,Divorced,8845,14014,5,Yes,17,3,3,1,7,1,2,4,1,0,1
23,1,Travel_Rarely,1320,Research & Development,17,4,Other,3,Female,58,4,1,Laboratory Technician,3,Single,5545,25990,7,Yes,15,3,4,1,4,0,3,4,4,2,0
42,1,Non-Travel,1021,Sales,26,2,Life Sciences,4,Female,76,2,5,Manager,4,Divorced,18539,9559,2,Yes,19,3,3,1,15,3,3,1,1,0,0
20,0,Travel_Rarely,656,Research & Development,4,2,Medical,4,Male,37,1,3,Healthcare Representative,4,Married,11623,10200,0,No,11,3,1,0,6,3,2,2,1,2,1
59,1,Travel_Frequently,1218,Sales,18,2,Marketing,4,Female,58,1,1,Sales Representative,4,Divorced,5638,5790,4,No,19,3,2,0,3,4,1,1,1,1,0
43,0,Travel_Rarely,149,Research & Development,24,4,Life Sciences,1,Female,69,3,3,Manufacturing Director,3,Single,11744,12582,5,Yes,12,3,4,1,11,2,3,11,11,3,4
32,0,Travel_Rarely,275,Research & Development,18,3,Medical,1,Male,95,3,2,Healthcare Representative,1,Married,8946,6630,1,No,15,3,1,0,7,3,3,7,4,0,6
23,0,Travel_Frequently,1216,Research & Development,20,3,Technical Degree,2,Male,30,3,4,Research Director,3,Married,15161,23583,4,No,20,4,1,1,8,4,3,5,1,3,5
45,0,Travel_Rarely,773,Research & Development,23,3,Life Sciences,2,Male,43,3,3,Manufacturing Director,3,Married,12556,26985,2,Yes,12,3,2,2,14,2,2,10,0,10,6
50,0,Non-Travel,1369,Sales,13,3,Marketing,2,Female,38,4,5,Manager,4,Married,18297,16379,3,Yes,21,4,4,3,16,2,3,8,1,3,2
31,0,Travel_Frequently,767,Research & Development,22,3,Medical,1,Male,99,4,2,Manufacturing Director,4,Married,8374,3446,8,No,13,3,4,0,6,4,3,2,2,1,0
36,0,Travel_Rarely,605,Research & Development,4,4,Life Sciences,1,Female,75,4,5,Manager,3,Single,18812,10844,8,No,16,3,4,0,18,6,2,11,3,8,9
37,0,Travel_Rarely,232,Research & Development,4,4,Other,2,Male,91,4,3,Manufacturing Director,3,Married,12000,2710,6,No,23,4,2,1,7,2,4,3,2,0,1
33,1,Travel_Rarely,909,Research & Development,21,4,Life Sciences,4,Male,47,2,2,Manufacturing Director,2,Divorced,9104,8274,7,No,23,4,1,0,8,2,2,8,6,6,1
47,1,Travel_Rarely,1346,Sales,27,3,Marketing,1,Male,83,4,4,Manager,1,Married,15175,12923,1,No,18,3,2,0,12,2,1,12,9,9,12
58,0,Travel_Frequently,426,Research & Development,24,3,Other,4,Male,39,3,2,Research Scientist,1,Divorced,8944,11943,1,No,19,3,1,1,9,0,3,3,0,1,2
25,0,Travel_Rarely,835,Research & Development,10,3,Other,4,Female,93,3,2,Research Scientist,3,Married,8329,20612,8,No,21,4,2,0,7,1,3,2,1,2,0
23,1,Travel_Frequently,1435,Research & Development,2,4,Other,4,Female,52,3,2,Healthcare Representative,1,Single,8481,13829,6,No,20,4,4,0,4,2,2,3,2,3,3
25,0,Travel_Rarely,233,Research & Development,26,4,Technical Degree,4,Female,88,2,2,Research Scientist,1,Divorced,8707,9257,6,No,16,3,3,0,7,2,3,6,6,5,6
45,0,Travel_Rarely,341,Research & Development,4,2,Technical Degree,3,Male,44,3,1,Laboratory Technician,4,Married,5232,17297,7,Yes,24,4,4,1,3,6,2,1,1,1,1
27,0,Travel_Rarely,564,Research & Development,16,4,Medical,3,Male,70,3,5,Manager,3,Divorced,18382,2916,2,No,23,4,1,2,10,4,3,8,2,0,4
21,0,Travel_Rarely,798,Research & Development,27,4,Other,2,Male,98,4,1,Research Scientist,2,Married,5390,10301,4,No,21,4,1,2,2,3,3,1,0,0,0
20,0,Travel_Rarely,1371,Research & Development,10,4,Technical Degree,4,Male,74,3,4,Manager,1,Divorced,14811,24081,8,Yes,25,4,4,1,8,1,3,4,4,3,0
28,1,Travel_Rarely,1340,Research & Development,1,2,Other,4,Male,85,2,5,Manager,1,Divorced,18452,22078,3,No,22,4,1,0,10,3,3,10,3,5,1
32,1,Travel_Rarely,1379,Human Resources,20,4,Other,2,Male,46,1,1,Human Resources,4,Married,5773,7925,2,No,24,4,4,1,3,1,2,2,0,1,0
39,0,Travel_Frequently,343,Sales,22,3,Medical,3,Male,40,4,2,Sales Executive,4,Married,9148,8743,2,No,15,3,3,3,9,2,3,9,1,0,9
35,0,Travel_Rarely,342,Human Resources,21,2,Medical,3,Female,73,2,2,Human Resources,1,Single,9133,3789,2,No,22,4,1,0,7,2,3,7,7,7,3
50,0,Travel_Rarely,1309,Research & Development,29,2,Life Sciences,3,Female,97,2,4,Research Director,2,Married,15394,6067,7,No,23,4,4,2,12,3,3,9,2,8,4
35,1,Travel_Rarely,936,Research & Development,27,3,Medical,3,Male,34,3,4,Manager,3,Divorced,14878,21216,4,No,23,4,2,0,8,3,1,1,1,1,0
59,0,Travel_Frequently,1133,Sales,23,4,Life Sciences,4,Female,53,4,2,Sales Executive,4,Married,8993,18595,0,Yes,22,4,1,1,9,3,3,4,1,0,3
45,1,Travel_Rarely,1085,Human Resources,21,1,Other,1,Female,90,2,4,Manager,2,Married,16026,4403,3,Yes,16,3,1,3,19,2,3,4,4,4,2
21,0,Travel_Rarely,225,Research & Development,2,3,Other,1,Female,50,3,3,Healthcare Representative,2,Divorced,11145,23673,1,No,17,3,3,1,6,1,2,2,2,2,2
41,0,Travel_Frequently,348,Research & Development,4,3,Life Sciences,2,Male,97,2,2,Research Scientist,2,Single,8190,15754,7,No,22,4,4,0,4,2,1,3,2,2,1
49,1,Travel_Frequently,606,Sales,29,4,Marketing,3,Male,35,3,4,Manager,1,Divorced,14964,13136,1,Yes,20,4,3,0,12,3,2,7,1,1,3
54,0,Travel_Rarely,119,Research & Development,28,4,Technical Degree,3,Female,64,3,2,Manufacturing Director,4,Single,8556,26822,8,No,16,3,3,1,5,3,1,3,0,0,3
47,0,Travel_Rarely,1200,Research & Development,17,5,Life Sciences,4,Male,41,4,5,Manager,4,Divorced,18567,16920,2,Yes,25,4,3,3,20,3,1,19,8,19,14
24,1,Travel_Rarely,497,Sales,4,3,Marketing,2,Male,54,3,2,Sales Executive,3,Married,8337,26559,5,Yes,19,3,3,1,4,3,3,2,0,2,0
59,1,Travel_Rarely,284,Research & Development,13,3,Other,3,Female,77,3,2,Laboratory Technician,1,Divorced,9157,2938,3,Yes,13,3,2,1,7,5,3,2,0,2,0
28,0,Travel_Rarely,877,Sales,4,1,Marketing,4,Female,92,2,2,Sales Executive,4,Single,8836,15128,8,No,11,3,2,0,9,5,1,4,1,0,2
21,1,Travel_Frequently,353,Sales,8,5,Marketing,1,Male,64,3,4,Manager,2,Single,15209,16341,8,No,25,4,3,0,8,3,3,6,3,6,3
20,1,Travel_Rarely,243,Research & Development,21,3,Other,3,Female,51,3,1,Laboratory Technician,2,Single,5103,20083,2,No,13,3,3,0,2,1,3,2,1,2,2
26,0,Travel_Rarely,203,Research & Development,28,3,Technical Degree,4,Male,53,2,4,Manager,3,Married,15137,21569,4,No,22,4,3,0,8,5,3,1,1,1,0
22,0,Travel_Rarely,1188,Research & Development,24,3,Life Sciences,3,Male,33,3,2,Healthcare Representative,1,Married,8560,24259,0,No,22,4,3,2,4,3,3,3,3,1,0
47,0,Travel_Rarely,387,Research & Development,25,1,Technical Degree,4,Male,70,4,5,Research Director,4,Single,18618,15046,3,No,16,3,4,1,12,3,3,10,6,2,7
59,1,Travel_Rarely,1299,Research & Development,23,2,Medical,2,Female,77,3,2,Manufacturing Director,3,Married,8383,12621,7,Yes,22,4,1,0,6,2,4,1,0,1,0
49,1,Travel_Rarely,466,Research & Development,10,4,Other,1,Male,42,2,2,Healthcare Representative,4,Single,8808,8947,7,Yes,16,3,3,1,4,3,4,2,2,1,0
26,0,Travel_Rarely,122,Research & Development,5,2,Medical,3,Female,73,2,4,Manager,1,Divorced,14410,22200,0,No,22,4,3,0,8,3,3,2,2,1,2
57,0,Travel_Rarely,1264,Research & Development,3,4,Other,1,Male,53,3,2,Manufacturing Director,4,Divorced,8143,13381,8,No,24,4,4,1,5,3,3,3,0,1,0
41,0,Travel_Rarely,1353,Research & Development,10,3,Life Sciences,1,Male,95,1,4,Manager,1,Divorced,16173,8760,2,Yes,18,3,1,0,19,2,4,12,6,1,6
35,0,Travel_Rarely,388,Research & Development,2,2,Technical Degree,2,Male,79,2,2,Healthcare Representative,1,Divorced,8634,19845,7,Yes,21,4,4,1,7,2,4,3,3,2,2
38,0,Travel_Rarely,197,Research & Development,9,3,Life Sciences,1,Female,41,2,2,Healthcare Representative,3,Single,8363,13023,5,No,17,3,4,1,5,3,3,1,0,0,1
22,1,Travel_Rarely,1287,Research & Development,21,3,Technical Degree,1,Male,34,2,3,Manufacturing Director,2,Divorced,12025,3492,4,Yes,16,3,2,0,6,2,2,5,4,5,3
46,0,Travel_Rarely,1243,Research & Development,19,2,Life Sciences,2,Male,59,3,1,Research Scientist,4,Divorced,5271,8703,1,No,13,3,2,1,4,6,1,2,2,1,0
50,0,Travel_Rarely,656,Sales,7,2,Other,3,Male,76,2,1,Sales Representative,2,Married,5902,5869,6,Yes,11,3,2,1,5,3,3,4,0,0,2
47,1,Travel_Frequently,320,Research & Development,9,1,Life Sciences,4,Female,90,3,2,Healthcare Representative,1,Divorced,8476,11318,8,Yes,19,3,2,0,7,3,3,7,6,3,0
20,0,Travel_Rarely,1331,Research & Development,10,2,Life Sciences,2,Female,50,2,4,Research Director,2,Married,14906,2819,8,No,11,3,4,1,8,2,3,3,1,0,2
27,0,Travel_Rarely,249,Sales,12,4,Marketing,3,Male,87,3,2,Sales Executive,3,Married,8381,22874,7,No,23,4,3,3,5,2,4,4,1,3,1
58,1,Travel_Rarely,1294,Sales,25,2,Other,3,Male,47,2,2,Sales Executive,1,Married,8694,17398,1,Yes,22,4,2,1,10,1,4,8,8,6,6
46,0,Travel_Rarely,788,Research & Development,2,4,Medical,1,Female,57,3,2,Manufacturing Director,4,Married,9106,22757,6,Yes,14,3,4,1,7,3,3,4,2,0,3
44,0,Travel_Rarely,586,Research & Development,19,3,Other,3,Male,89,3,1,Research Scientist,4,Divorced,5240,23989,6,No,16,3,2,2,2,0,4,2,0,2,1
55,0,Non-Travel,226,Sales,10,3,Medical,4,Male,99,4,3,Sales Executive,3,Married,11524,12716,5,No,15,3,3,0,6,4,3,4,1,3,0
58,1,Travel_Rarely,318,Research & Development,18,2,Other,3,Male,36,4,2,Healthcare Representative,4,Married,9159,6350,4,Yes,22,4,2,0,8,2,2,7,7,6,1
47,1,Non-Travel,399,Sales,23,4,Marketing,1,Male,35,3,1,Sales Representative,1,Single,5579,17702,4,No,18,3,1,0,5,2,3,3,3,1,3
55,0,Travel_Rarely,711,Sales,14,4,Medical,1,Male,34,3,4,Manager,4,Married,14837,15934,5,No,24,4,1,0,8,1,3,3,0,0,2
27,0,Non-Travel,1106,Research & Development,5,3,Life Sciences,2,Male,51,2,1,Laboratory Technician,4,Married,5755,20419,5,No,18,3,3,1,4,0,3,4,2,0,3
41,0,Travel_Rarely,1256,Sales,17,1,Other,2,Male,55,4,3,Sales Executive,1,Married,11394,9003,2,Yes,25,4,4,0,8,2,4,6,4,2,0
56,1,Travel_Frequently,749,Sales,27,3,Marketing,2,Male,95,3,2,Sales Executive,2,Single,9048,16903,1,No,13,3,1,3,10,2,4,10,1,5,3
50,1,Travel_Rarely,1312,Research & Development,17,4,Life Sciences,4,Male,34,3,1,Laboratory Technician,3,Married,5453,15754,5,No,12,3,2,2,5,3,1,2,2,0,2
25,0,Travel_Rarely,662,Research & Development,16,3,Medical,4,Male,47,2,5,Research Director,3,Divorced,17625,24476,3,No,11,3,1,0,10,2,2,7,3,2,3
47,0,Travel_Rarely,767,Research & Development,6,3,Other,3,Female,92,2,2,Research Scientist,1,Married,8517,14828,0,No,25,4,3,2,5,3,3,1,0,0,0
46,0,Travel_Rarely,1394,Sales,18,4,Life Sciences,4,Male,77,3,2,Sales Executive,3,Married,8691,25768,6,No,21,4,4,2,10,0,1,1,0,1,0
24,0,Travel_Rarely,460,Sales,22,2,Other,3,Male,82,3,2,Sales Executive,4,Divorced,8775,26431,7,No,14,3,4,1,6,1,3,2,0,2,1
28,1,Non-Travel,680,Research & Development,25,3,Medical,4,Male,66,3,2,Healthcare Representative,2,Married,8570,21713,1,Yes,16,3,2,0,4,3,4,2,0,0,2
21,0,Travel_Rarely,761,Research & Development,24,2,Life Sciences,3,Female,69,3,4,Research Director,4,Single,15175,21005,0,No,25,4,4,1,8,2,3,7,3,4,3
39,0,Travel_Rarely,866,Research & Development,21,2,Other,3,Female,68,3,5,Research Director,2,Divorced,18328,10376,0,No,19,3,3,3,18,3,3,7,6,6,2
41,0,Travel_Rarely,1177,Sales,7,2,Marketing,3,Female,89,3,1,Sales Representative,4,Divorced,4860,4217,4,No,23,4,2,0,3,2,2,2,2,0,1
45,1,Travel_Rarely,813,Research & Development,19,3,Other,3,Male,96,3,4,Research Director,2,Single,16145,15725,0,Yes,19,3,3,3,19,5,3,2,0,1,1
53,0,Travel_Rarely,162,Research & Development,28,4,Medical,2,Male,35,3,3,Healthcare Representative,4,Married,12163,5232,2,No,12,3,3,1,9,2,2,8,5,4,6
28,1,Travel_Rarely,172,Sales,28,3,Life Sciences,1,Male,55,3,2,Sales Executive,2,Married,8155,10243,7,Yes,23,4,2,1,6,3,3,1,1,1,0
55,0,Travel_Rarely,850,Sales,14,2,Marketing,3,Female,96,3,5,Manager,2,Single,18200,7594,2,No,15,3,2,0,13,3,4,2,0,1,1
51,0,Travel_Rarely,1216,Sales,14,4,Other,3,Female,70,2,5,Manager,1,Married,19115,22926,4,No,24,4,2,1,20,3,1,15,2,1,6
29,0,Travel_Rarely,247,Research & Development,1,4,Life Sciences,3,Female,91,3,3,Manufacturing Director,4,Married,11780,3548,0,No,20,4,3,1,7,3,2,2,1,0,0
53,0,Travel_Rarely,587,Sales,4,4,Other,4,Female,52,3,1,Sales Representative,4,Single,5296,4591,7,No,20,4,3,1,5,3,4,5,0,2,2
22,0,Travel_Rarely,365,Research & Development,2,3,Medical,3,Female,89,3,1,Research Scientist,3,Married,5589,6300,0,No,21,4,3,1,4,2,2,1,0,1,0
21,1,Travel_Rarely,1203,Research & Development,7,3,Technical Degree,4,Female,89,2,2,Healthcare Representative,2,Single,8479,24575,1,No,13,3,4,0,4,3,3,2,2,1,1
52,0,Travel_Frequently,331,Research & Development,17,3,Medical,4,Male,46,3,2,Healthcare Representative,4,Married,8628,5663,5,Yes,21,4,4,1,4,2,3,4,2,2,1
54,1,Travel_Rarely,396,Research & Development,2,3,Medical,3,Male,84,2,2,Laboratory Technician,3,Married,7934,12861,3,Yes,21,4,3,0,4,0,4,4,3,3,2
21,1,Travel_Rarely,995,Research & Development,4,1,Life Sciences,1,Female,81,1,2,Research Scientist,3,Divorced,8189,14591,3,Yes,17,3,3,0,4,6,3,4,0,0,0
21,0,Travel_Rarely,1101,Research & Development,29,3,Medical,3,Male,65,2,1,Laboratory Technician,1,Married,5416,7304,0,No,16,3,3,0,3,3,3,2,2,0,0
54,0,Travel_Frequently,962,Research & Development,15,4,Medical,4,Male,73,2,1,Laboratory Technician,3,Single,4907,16515,1,No,11,3,1,1,3,3,3,2,1,0,2
31,0,Travel_Rarely,1449,Research & Development,22,3,Other,4,Female,62,3,3,Healthcare Representative,3,Single,12000,18480,7,Yes,23,4,4,1,13,0,3,2,0,1,2
56,1,Travel_Rarely,770,Sales,10,1,Other,4,Male,67,1,4,Manager,2,Married,14965,24385,0,Yes,19,3,2,1,9,3,2,8,6,4,3
55,0,Non-Travel,795,Research & Development,16,2,Medical,3,Female,69,4,2,Manufacturing Director,2,Married,8630,5820,3,No,18,3,4,0,10,4,3,6,4,1,5
22,1,Travel_Rarely,820,Sales,1,4,Life Sciences,3,Female,76,2,1,Sales Representative,3,Married,4831,8572,4,Yes,13,3,3,0,3,6,2,3,3,0,1
29,0,Travel_Rarely,1009,Research & Development,13,4,Life Sciences,4,Male,61,2,2,Laboratory Technician,4,Married,8931,5336,2,No,13,3,3,0,6,1,2,6,3,0,4
44,0,Travel_Rarely,551,Sales,11,2,Marketing,3,Female,76,4,1,Sales Representative,3,Single,5322,23450,1,No,12,3,4,1,5,2,1,1,0,1,0
25,0,Travel_Rarely,529,Research & Development,7,4,Technical Degree,3,Female,73,3,1,Laboratory Technician,4,Divorced,5186,18587,4,No,21,4,3,0,5,5,3,4,0,2,4
29,1,Travel_Rarely,1446,Research & Development,26,3,Technical Degree,3,Female,94,3,1,Research Scientist,1,Divorced,5090,3808,6,No,20,4,4,0,3,2,1,3,1,1,2
30,1,Travel_Rarely,549,Research & Development,20,2,Technical Degree,1,Male,40,3,2,Healthcare Representative,2,Married,8742,2791,6,No,12,3,4,2,6,3,2,6,2,4,1
59,1,Travel_Frequently,387,Research & Development,26,3,Other,4,Female,44,2,3,Healthcare Representative,1,Single,12068,20535,7,Yes,17,3,1,1,12,2,1,10,0,5,5
41,0,Travel_Rarely,105,Research & Development,26,5,Life Sciences,4,Female,42,4,1,Laboratory Technician,4,Married,5001,22418,7,No,21,4,3,0,3,2,2,3,3,2,0
23,0,Travel_Rarely,301,Human Resources,17,3,Other,3,Male,48,4,1,Human Resources,2,Married,4921,20009,7,No,24,4,4,0,3,3,3,2,1,1,0
59,0,Travel_Rarely,629,Research & Development,15,4,Medical,1,Male,31,2,2,Manufacturing Director,2,Married,8481,11007,8,No,25,4,3,0,7,2,3,4,2,0,1
30,0,Travel_Frequently,322,Research & Development,22,3,Medical,4,Male,84,2,5,Manager,2,Married,17996,25442,2,No,15,3,2,2,12,3,1,10,3,7,3
26,0,Travel_Rarely,661,Sales,9,2,Medical,2,Male,70,1,1,Sales Representative,3,Married,5813,12339,8,No,12,3,3,0,4,2,2,1,0,1,0
30,0,Travel_Rarely,660,Sales,5,4,Other,3,Male,86,3,4,Manager,2,Single,15198,14817,8,No,16,3,1,1,12,3,2,3,1,1,0
43,1,Travel_Rarely,376,Research & Development,1,4,Medical,1,Male,38,3,2,Laboratory Technician,3,Married,8632,25132,3,No,21,4,1,2,10,2,2,9,2,0,3
27,0,Travel_Rarely,1335,Research & Development,14,4,Life Sciences,3,Male,71,2,4,Manager,3,Single,14742,10148,8,No,21,4,2,0,9,2,2,9,7,0,5
28,0,Travel_Rarely,902,Sales,11,3,Other,3,Male,58,2,5,Manager,4,Married,17804,11443,7,No,19,3,3,3,10,6,3,9,2,2,5
39,0,Travel_Rarely,1246,Research & Development,12,3,Life Sciences,3,Male,48,4,4,Research Director,2,Single,15072,16802,5,No,13,3,4,0,11,4,3,4,2,2,1
50,0,Travel_Rarely,1119,Research & Development,28,4,Life Sciences,2,Female,77,3,1,Research Scientist,4,Married,5137,20495,6,No,13,3,4,2,5,3,3,2,1,2,1
36,0,Travel_Rarely,338,Sales,12,4,Medical,3,Male,92,3,1,Sales Representative,3,Single,5206,23308,8,No,14,3,4,0,5,3,3,3,1,3,0
30,0,Travel_Frequently,496,Research & Development,16,4,Medical,4,Male,91,4,2,Laboratory Technician,3,Married,8301,24290,6,Yes,22,4,3,0,5,2,4,4,3,3,0
34,0,Travel_Rarely,650,Research & Development,23,1,Life Sciences,1,Female,95,1,2,Manufacturing Director,3,Married,8739,8570,7,No,15,3,4,2,7,3,3,3,2,1,3
58,0,Travel_Rarely,353,Sales,1,2,Marketing,4,Male,59,2,4,Manager,3,Divorced,14795,5936,7,Yes,22,4,4,0,12,3,3,11,3,7,3
58,0,Travel_Rarely,1444,Research & Development,19,2,Life Sciences,3,Male,56,4,1,Laboratory Technician,1,Married,4980,25942,1,No,11,3,3,0,3,2,3,3,2,0,0
49,0,Travel_Rarely,566,Sales,19,3,Medical,3,Male,84,2,2,Sales Executive,3,Single,8644,22682,1,Yes,19,3,3,1,10,2,3,10,7,2,2
33,0,Travel_Rarely,517,Research & Development,11,3,Life Sciences,4,Female,51,2,2,Manufacturing Director,1,Married,8956,25874,6,Yes,12,3,3,1,10,2,3,8,7,8,8
25,1,Travel_Rarely,1362,Research & Development,15,4,Other,2,Male,97,2,2,Laboratory Technician,4,Married,8170,4155,6,No,15,3,2,0,6,2,2,5,4,3,1
35,0,Travel_Rarely,1226,Sales,18,3,Life Sciences,3,Male,70,1,1,Sales Representative,2,Divorced,4797,26497,8,No,17,3,1,0,2,2,3,1,1,1,0
41,1,Non-Travel,986,Sales,27,3,Other,4,Female,32,3,1,Sales Representative,3,Single,5001,26057,4,No,11,3,2,0,4,5,3,4,2,3,1
20,0,Travel_Rarely,169,Sales,26,3,Life Sciences,4,Female,47,3,4,Manager,3,Divorced,14545,6585,0,No,17,3,2,3,8,2,3,7,4,7,7
41,0,Travel_Rarely,171,Research & Development,19,5,Other,2,Female,39,3,4,Research Director,1,Married,14536,9234,1,Yes,23,4,2,0,10,3,3,7,5,2,5
25,0,Travel_Frequently,141,Sales,2,1,Marketing,4,Male,39,4,4,Manager,2,Single,15087,24579,8,No,22,4,2,1,8,3,3,5,4,0,0
32,0,Travel_Rarely,1404,Sales,28,1,Other,1,Female,45,2,2,Sales Executive,3,Divorced,8200,8834,0,No,22,4,4,0,6,4,3,1,1,1,0
27,0,Travel_Rarely,442,Research & Development,2,4,Medical,4,Male,46,4,4,Research Director,1,Divorced,15371,7455,8,No,11,3,2,3,9,4,2,5,0,5,1
50,0,Non-Travel,1411,Human Resources,15,4,Medical,3,Male,50,4,4,Manager,4,Single,15475,5907,5,No,11,3,4,3,18,3,2,9,6,0,0
31,0,Travel_Rarely,258,Sales,15,3,Medical,1,Male,73,3,4,Manager,3,Single,15701,20133,8,No,22,4,4,0,13,2,3,2,1,2,2
50,0,Travel_Frequently,1239,Research & Development,29,3,Medical,4,Male,50,3,1,Laboratory Technician,1,Single,5185,18787,3,Yes,20,4,4,1,4,3,4,3,1,1,2
27,0,Travel_Frequently,526,Research & Development,18,3,Medical,3,Female,58,4,5,Research Director,1,Married,18325,22633,0,No,21,4,2,0,10,2,3,10,9,1,9
20,0,Non-Travel,1297,Research & Development,29,1,Medical,3,Female,78,2,4,Manager,3,Married,14330,7829,0,No,20,4,2,1,8,3,3,4,3,3,2
49,0,Travel_Rarely,598,Sales,22,4,Life Sciences,4,Male,66,2,2,Sales Executive,4,Single,9048,22289,8,No,14,3,2,0,6,3,3,1,0,1,0
38,1,Travel_Frequently,1313,Research & Development,21,3,Other,1,Female,74,3,2,Healthcare Representative,1,Married,8396,17195,4,Yes,13,3,2,0,8,3,3,4,0,3,2
25,1,Travel_Rarely,663,Sales,29,2,Other,4,Female,50,3,2,Sales Executive,4,Single,8397,7730,8,No,13,3,3,1,5,3,2,2,0,0,0
55,0,Non-Travel,1390,Research & Development,4,3,Other,3,Male,38,1,2,Research Scientist,3,Divorced,8860,15424,8,No,22,4,3,1,6,2,3,1,0,1,1
45,0,Travel_Frequently,206,Research & Development,11,5,Technical Degree,3,Female,94,3,5,Manager,1,Single,19404,5539,8,No,20,4,3,1,23,3,2,11,1,0,9
40,0,Travel_Rarely,394,Sales,6,3,Medical,3,Male,98,3,4,Manager,1,Divorced,15881,10438,5,No,18,3,1,0,17,3,3,2,1,2,0
30,0,Travel_Rarely,298,Research & Development,9,4,Life Sciences,4,Male,37,3,3,Healthcare Representative,2,Single,12127,20164,5,Yes,15,3,4,1,12,0,3,8,7,2,1
58,0,Non-Travel,284,Research & Development,22,3,Life Sciences,3,Male,94,3,2,Research Scientist,1,Married,8550,2742,8,No,19,3,3,1,5,3,3,4,3,2,3
32,1,Travel_Rarely,206,Sales,15,4,Medical,2,Female,98,1,1,Sales Representative,1,Single,5545,15603,5,Yes,13,3,1,1,2,4,1,1,1,0,0
24,1,Travel_Frequently,211,Research & Development,28,1,Technical Degree,1,Female,78,1,2,Healthcare Representative,2,Divorced,8223,19793,5,Yes,12,3,2,1,6,2,3,3,3,3,1
47,0,Travel_Rarely,415,Research & Development,16,2,Other,4,Female,51,3,2,Research Scientist,1,Married,8403,25694,7,Yes,15,3,1,0,6,3,4,6,1,2,0
30,0,Travel_Rarely,146,Research & Development,18,1,Technical Degree,3,Male,72,2,2,Healthcare Representative,1,Divorced,8498,13935,7,Yes,17,3,3,1,7,4,3,2,2,1,0
51,1,Travel_Rarely,266,Research & Development,5,3,Other,1,Male,82,2,2,Manufacturing Director,4,Single,9226,18659,3,No,25,4,3,3,9,3,3,2,2,2,1
48,0,Travel_Rarely,301,Sales,16,3,Life Sciences,3,Male,57,1,1,Sales Representative,4,Single,5299,14587,2,No,12,3,3,1,4,3,3,4,0,2,3
59,0,Travel_Frequently,1253,Research & Development,9,4,Technical Degree,2,Female,52,3,2,Healthcare Representative,4,Married,8925,25730,4,No,11,3,4,0,7,3,4,2,2,0,0
39,0,Non-Travel,1344,Human Resources,12,5,Other,2,Female,59,2,5,Manager,1,Single,18354,9893,8,Yes,19,3,2,1,10,2,3,9,0,3,5
25,0,Travel_Rarely,1053,Research & Development,8,3,Medical,3,Female,39,3,4,Research Director,4,Divorced,15071,19726,4,No,14,3,3,0,8,3,2,2,2,1,0
40,0,Travel_Rarely,965,Research & Development,16,4,Medical,3,Female,49,4,2,Research Scientist,2,Divorced,9089,24412,7,No,25,4,4,1,9,2,3,7,3,4,1
31,0,Travel_Frequently,735,Human Resources,20,2,Medical,3,Male,41,3,4,Manager,4,Married,15189,26855,4,No,23,4,4,0,11,5,1,4,1,2,2
56,0,Travel_Rarely,182,Sales,12,2,Medical,4,Male,50,4,1,Sales Representative,4,Married,5284,11503,6,Yes,22,4,2,0,3,3,2,2,0,1,2
34,1,Travel_Rarely,874,Research & Development,29,3,Other,3,Male,38,1,5,Research Director,1,Divorced,17803,7956,2,No,14,3,3,0,11,2,2,1,1,0,1
27,1,Travel_Frequently,415,Human Resources,29,3,Medical,1,Male,81,3,5,Manager,2,Married,17968,11056,3,Yes,15,3,3,1,10,1,3,1,0,1,0
35,0,Travel_Rarely,687,Research & Development,25,2,Other,3,Female,40,4,2,Healthcare Representative,3,Married,9334,5831,4,Yes,22,4,3,1,9,2,1,4,3,3,1
37,0,Travel_Rarely,1207,Research & Development,22,3,Technical Degree,2,Male,71,2,4,Manager,3,Divorced,16045,22169,1,No,21,4,1,0,18,5,3,2,1,1,1
29,0,Travel_Frequently,855,Research & Development,28,3,Technical Degree,1,Female,79,3,3,Healthcare Representative,3,Single,11966,4155,4,No,13,3,1,1,11,2,2,7,3,2,7
25,0,Travel_Frequently,1056,Sales,15,3,Other,3,Male,70,4,4,Manager,1,Single,15245,25885,7,Yes,18,3,3,1,8,2,3,2,0,2,2
34,0,Travel_Frequently,105,Human Resources,12,3,Human Resources,3,Female,71,4,4,Manager,4,Divorced,15894,10450,4,No,16,3,4,0,16,2,1,5,5,0,2
30,0,Travel_Rarely,250,Research & Development,18,3,Technical Degree,3,Male,92,3,2,Healthcare Representative,4,Single,8490,10732,1,No,16,3,4,1,6,3,3,5,0,2,0
48,1,Travel_Rarely,221,Research & Development,10,4,Other,4,Male,94,3,1,Laboratory Technician,4,Single,5366,22404,7,Yes,14,3,4,0,5,3,3,4,4,3,1
22,0,Travel_Rarely,483,Research & Development,24,2,Technical Degree,3,Male,30,2,2,Manufacturing Director,3,Married,8586,23187,2,No,19,3,3,1,4,2,3,4,4,4,2
46,0,Travel_Rarely,1464,Research & Development,28,4,Technical Degree,3,Female,61,3,3,Manufacturing Director,3,Married,12664,18092,7,No,17,3,3,1,12,3,3,7,0,1,3
25,0,Travel_Rarely,1197,Research & Development,9,3,Medical,2,Male,99,4,3,Healthcare Representative,2,Married,11272,22880,3,No,25,4,1,1,7,1,2,2,2,2,1
32,0,Travel_Rarely,355,Sales,19,3,Life Sciences,3,Female,40,2,4,Manager,1,Married,15311,21795,6,No,22,4,3,1,14,2,4,9,7,4,9
20,0,Travel_Rarely,1377,Research & Development,2,4,Other,3,Female,67,3,2,Manufacturing Director,3,Married,8462,24014,5,No,22,4,1,0,4,3,4,3,1,1,1
31,0,Travel_Rarely,1308,Research & Development,23,3,Other,3,Male,32,3,2,Healthcare Representative,1,Divorced,8385,14178,3,No,16,3,1,1,7,2,3,1,0,0,1
32,1,Travel_Rarely,1406,Sales,7,2,Life Sciences,4,Male,69,1,3,Sales Executive,1,Single,11207,23403,2,No,14,3,1,1,7,6,2,3,2,0,1
43,1,Travel_Rarely,703,Research & Development,27,3,Life Sciences,1,Male,42,4,2,Laboratory Technician,1,Married,8604,9936,5,No,16,3,2,1,4,2,2,3,2,3,0
40,0,Travel_Rarely,1212,Research & Development,18,3,Medical,4,Male,51,3,4,Research Director,4,Single,15457,5371,1,No,22,4,1,2,13,3,2,10,7,10,0
32,0,Non-Travel,1487,Research & Development,13,1,Technical Degree,4,Male,99,3,5,Research Director,3,Single,18289,20638,3,No,23,4,4,1,14,6,2,13,9,5,9
33,0,Non-Travel,274,Sales,23,2,Marketing,4,Male,72,3,5,Manager,3,Divorced,18987,13300,5,No,21,4,3,1,15,3,3,7,6,5,6
42,0,Travel_Rarely,1204,Research & Development,22,4,Technical Degree,3,Female,36,2,4,Manager,2,Single,15224,2329,7,No,13,3,4,0,16,2,3,2,1,2,0
41,0,Travel_Rarely,787,Research & Development,6,2,Technical Degree,3,Female,68,3,2,Research Scientist,4,Married,9129,10628,8,No,25,4,3,3,8,4,2,7,2,4,6
45,0,Travel_Frequently,1049,Research & Development,13,4,Medical,3,Male,94,2,2,Manufacturing Director,2,Divorced,8967,9054,8,No,23,4,3,1,7,2,1,3,0,1,3
25,0,Travel_Rarely,572,Research & Development,17,1,Medical,3,Female,94,3,3,Healthcare Representative,2,Married,11523,17901,0,No,17,3,1,0,7,2,2,2,2,1,0
51,0,Travel_Frequently,610,Research & Development,28,4,Life Sciences,3,Male,89,2,4,Research Director,3,Married,15011,26598,3,No,19,3,4,0,14,5,2,8,2,5,8
58,1,Travel_Rarely,1461,Sales,5,3,Other,1,Male,79,3,2,Sales Executive,3,Single,8144,17631,3,No,21,4,2,0,4,0,1,4,3,4,0
48,1,Non-Travel,839,Sales,28,4,Marketing,1,Female,96,2,1,Sales Representative,1,Divorced,5244,15045,8,No,20,4,4,0,5,0,2,1,0,1,0
30,1,Non-Travel,1402,Sales,27,2,Marketing,1,Male,41,2,1,Sales Representative,2,Single,5539,12135,5,No,13,3,1,2,5,3,3,3,3,1,0
41,0,Travel_Rarely,601,Research & Development,25,4,Other,3,Female,31,3,5,Manager,4,Married,19616,23289,6,No,14,3,2,1,22,2,3,21,21,0,19
43,0,Travel_Rarely,850,Sales,9,2,Life Sciences,3,Female,50,3,5,Manager,2,Single,19599,8537,8,No,24,4,4,1,22,3,3,6,6,2,1
47,0,Travel_Rarely,124,Research & Development,18,3,Other,4,Female,97,3,4,Manager,2,Divorced,15329,25231,6,No,11,3,2,0,10,5,1,7,7,3,7
36,0,Travel_Frequently,957,Sales,11,3,Medical,3,Female,75,2,1,Sales Representative,4,Single,5436,20776,2,No,15,3,3,0,5,3,3,5,4,3,5
39,1,Travel_Rarely,574,Research & Development,24,1,Other,1,Female,47,3,2,Manufacturing Director,2,Divorced,8612,21524,5,No,22,4,2,0,7,4,4,7,3,6,6
45,0,Travel_Rarely,1113,Research & Development,1,3,Medical,2,Female,96,1,5,Manager,4,Married,19429,14645,7,No,20,4,2,0,23,3,2,10,4,10,10
22,0,Travel_Rarely,387,Research & Development,9,3,Life Sciences,3,Male,87,3,1,Research Scientist,3,Divorced,5316,16973,2,No,20,4,1,1,4,6,2,1,0,1,0
36,0,Travel_Rarely,638,Research & Development,13,3,Technical Degree,2,Male,63,3,5,Research Director,4,Single,18452,5701,4,No,11,3,3,1,10,3,3,8,5,1,1
56,0,Non-Travel,884,Sales,7,3,Marketing,1,Female,55,3,1,Sales Representative,3,Single,5360,14821,2,No,19,3,3,2,2,3,3,1,1,0,0
29,1,Travel_Rarely,495,Research & Development,29,4,Other,3,Male,80,2,1,Laboratory Technician,4,Married,4821,10336,1,Yes,14,3,2,1,3,2,3,1,1,1,0
30,1,Travel_Rarely,1025,Research & Development,20,4,Medical,3,Female,79,4,5,Research Director,4,Single,18603,21605,4,No,21,4,1,0,12,5,2,6,4,5,1
31,0,Travel_Rarely,584,Research & Development,1,2,Technical Degree,1,Female,84,3,4,Manager,1,Married,14951,16841,6,No,17,3,3,0,8,2,3,5,1,1,5
48,0,Travel_Rarely,427,Research & Development,2,3,Life Sciences,2,Male,30,3,1,Research Scientist,4,Single,5847,21292,8,No,20,4,4,1,4,2,4,3,2,2,3
50,0,Non-Travel,238,Research & Development,19,3,Life Sciences,3,Male,92,1,5,Research Director,3,Married,18994,20372,2,No,18,3,4,0,21,5,3,12,5,12,7
27,0,Travel_Rarely,788,Research & Development,6,5,Life Sciences,3,Male,37,2,2,Manufacturing Director,4,Divorced,8655,15187,6,No,15,3,2,1,6,4,2,5,1,4,5
35,1,Travel_Rarely,1353,Research & Development,2,3,Life Sciences,1,Male,49,4,4,Research Director,2,Married,14313,13768,2,Yes,14,3,3,1,8,2,2,6,6,6,4
47,0,Travel_Rarely,506,Research & Development,18,1,Technical Degree,4,Male,78,3,3,Manufacturing Director,3,Divorced,11843,26051,7,Yes,15,3,3,0,8,3,3,4,1,3,4
57,0,Non-Travel,114,Research & Development,7,4,Technical Degree,1,Male,87,3,2,Laboratory Technician,3,Married,8317,4736,5,No,25,4,4,0,6,3,3,1,0,1,0
55,0,Travel_Frequently,170,Sales,3,4,Other,4,Female,30,3,4,Manager,4,Married,15103,2443,4,No,12,3,2,1,11,5,3,1,0,1,1
31,1,Travel_Rarely,285,Research & Development,28,3,Medical,4,Male,97,4,3,Healthcare Representative,2,Married,11221,4366,4,Yes,21,4,2,3,6,3,2,4,1,4,4
52,1,Travel_Frequently,324,Research & Development,2,3,Medical,3,Female,99,3,2,Laboratory Technician,3,Divorced,8751,26809,4,Yes,20,4,4,1,9,2,3,5,0,1,0
45,0,Travel_Rarely,489,Human Resources,25,2,Other,1,Male,46,2,1,Human Resources,3,Single,5562,26391,2,No,13,3,1,1,5,2,3,1,0,1,1
20,0,Travel_Rarely,1350,Research & Development,3,2,Life Sciences,2,Male,72,4,4,Research Director,1,Single,14638,10666,1,No,13,3,1,1,8,3,2,7,1,1,0
36,0,Travel_Rarely,733,Sales,10,3,Medical,4,Male,58,2,2,Sales Executive,2,Single,9011,19632,8,Yes,17,3,3,0,9,5,3,8,2,2,8
20,0,Travel_Frequently,707,Sales,9,4,Life Sciences,1,Female,37,3,5,Manager,4,Single,18147,7645,4,No,18,3,2,1,10,3,2,1,1,1,0
44,0,Travel_Rarely,907,Sales,11,3,Medical,4,Female,34,3,4,Manager,2,Married,15565,12895,4,Yes,15,3,4,0,20,2,3,3,3,3,3
35,0,Travel_Frequently,887,Research & Development,27,3,Other,1,Female,55,4,4,Manager,3,Single,15353,10319,5,No,16,3,4,1,16,2,3,4,1,4,1
44,0,Non-Travel,773,Research & Development,29,3,Medical,4,Male,55,4,1,Laboratory Technician,3,Married,5131,12885,3,No,15,3,4,1,3,2,3,2,1,0,1
58,0,Travel_Rarely,818,Research & Development,28,3,Life Sciences,3,Male,84,3,2,Healthcare Representative,3,Married,8787,2810,2,No,18,3,2,0,10,6,3,2,2,2,2
38,0,Travel_Rarely,936,Sales,18,3,Marketing,3,Male,67,4,1,Sales Representative,3,Single,5669,16772,5,No,12,3,3,2,3,3,3,3,2,3,1
43,1,Travel_Rarely,362,Sales,7,1,Life Sciences,1,Male,39,3,1,Sales Representative,1,Single,4931,9950,4,No,20,4,4,0,3,2,3,3,1,3,3
36,1,Non-Travel,120,Research & Development,22,4,Technical Degree,2,Male,74,3,1,Laboratory Technician,1,Married,5805,15241,3,Yes,17,3,3,0,5,3,3,2,1,1,2
35,0,Travel_Rarely,969,Sales,28,3,Marketing,1,Male,85,2,1,Sales Representative,3,Married,5547,23816,6,No,19,3,1,1,5,1,3,3,2,2,1
43,1,Travel_Frequently,749,Sales,28,4,Other,1,Male,94,2,5,Manager,2,Single,19082,22800,5,No,11,3,4,0,25,2,3,5,3,5,1
49,0,Travel_Rarely,1237,Research & Development,4,1,Other,3,Female,42,1,1,Research Scientist,4,Single,5706,24423,4,No,25,4,3,0,5,3,3,5,1,5,4
41,0,Travel_Rarely,780,Sales,25,3,Life Sciences,4,Female,65,3,3,Sales Executive,3,Divorced,12771,20660,2,Yes,16,3,4,1,15,3,3,14,0,11,8
22,0,Travel_Rarely,752,Sales,24,4,Life Sciences,4,Male,42,2,2,Sales Executive,1,Divorced,7945,9865,2,No,12,3,2,1,4,2,4,1,0,0,0
47,0,Travel_Frequently,1278,Sales,8,3,Life Sciences,1,Male,53,2,5,Manager,4,Married,18134,15510,8,No,11,3,1,0,15,2,3,4,4,3,0
37,0,Travel_Rarely,448,Sales,15,4,Medical,2,Female,59,2,2,Sales Executive,4,Single,8663,26989,1,No,14,3,3,0,7,2,4,3,0,1,2
53,1,Travel_Rarely,1475,Sales,24,1,Medical,4,Male,83,2,1,Sales Representative,1,Married,5175,18888,4,No,25,4,2,0,4,2,3,4,3,2,3
36,0,Travel_Rarely,1103,Sales,15,2,Medical,1,Male,90,3,2,Sales Executive,4,Married,8897,7229,5,No,21,4,1,1,7,2,2,5,0,1,3
48,0,Travel_Rarely,581,Research & Development,7,3,Technical Degree,3,Male,69,3,4,Manager,1,Single,14624,25854,6,No,21,4,1,1,8,2,2,5,1,0,4
33,0,Travel_Rarely,589,Sales,20,5,Marketing,1,Female,56,3,3,Sales Executive,4,Married,11783,12779,1,No,22,4,1,1,12,5,3,3,0,0,0
